frequency,raw,error,smoothed,error_smoothed,equalization,equalized_raw,equalized_smoothed,target
20,3.2813625180817168,-0.8392582325261966,3.3029563746664494,-0.8176826205118042,0.817682620511804,4.099045138593521,4.120638995178253,4.120620750607913
21,3.605616336793848,-0.5466188079154839,3.583879221024983,-0.5683452994886241,0.568345299488624,4.173961636282472,4.152224520513607,4.152235144709332
22,3.798453802358592,-0.3819946776649039,3.8437792914810265,-0.33664712688008713,0.33664712688008713,4.135100929238679,4.1804264183611135,4.180448480023496
23,4.170498468743623,-0.034760881577915015,4.082656586034579,-0.12258810268619325,0.12258810268619326,4.293086571429816,4.205244688720772,4.205259350321538
24,4.280547466270445,0.05388136981620928,4.300511104685636,0.07383177309305768,-0.07383177309305766,4.2067156931773875,4.226679331592579,4.2266660964542355
25,4.569803664617557,0.325136889711759,4.495673153890327,0.25093445315595386,-0.2509344531559539,4.318869211461603,4.2447387007343735,4.244666774905798
26,4.666222397399932,0.4069632733496711,4.670063952002457,0.41064554576099543,-0.41064554576099543,4.255576851638937,4.259418406241462,4.259259124050261
27,4.762641130182305,0.4921316564717637,4.825496486706752,0.5547863889772704,-0.5547863889772704,4.207854741205034,4.270710097729481,4.270509473710542
28,4.955478595747044,0.6771169551610958,4.964553968323783,0.6859596671348256,-0.6859596671348254,4.269518928612219,4.278594301188958,4.278361640585948
29,5.148316061311785,0.8655293698000737,5.090312840159795,0.8072768192684263,-0.8072768192684265,4.341039242043359,4.283036020891369,4.282786691511712
30,5.148316061311786,0.8645783726509917,5.20535765252936,0.9213741978915948,-0.9213741978915948,4.226941863420191,4.283983454637765,4.2837376886607945
31,5.341153526876527,1.0600066600016476,5.311849182531639,1.0304841556917221,-1.0304841556917217,4.3106693711848045,4.281365026839918,4.281146866874879
32,5.367034576747281,1.0921102952208166,5.4111966899592705,1.136107156992662,-1.1361071569926615,4.23092741975462,4.275089532966609,4.274924281526465
33,5.533990992441264,1.2690323720330694,5.504021428895019,1.2389734605099858,-1.2389734605099858,4.295017531931277,4.2650479683850335,4.264958620408194
34,5.533990992441264,1.2828589365062255,5.590328462047708,1.3392111576796446,-1.3392111576796444,4.194779834761619,4.251117304368064,4.251132055935038
35,5.726828458006003,1.4935138967478672,5.6696742525114905,1.4365074727038871,-1.4365074727038873,4.290320985302116,4.233166779807603,4.233314561258136
36,5.726828458006003,1.5154533405026784,5.741454780453633,1.5303884402773977,-1.5303884402773977,4.196440017728605,4.211066340176235,4.211375117503325
37,5.769644855435969,1.5844526504991467,5.805185420550798,1.6204880681877525,-1.6204880681877523,4.1491567872482165,4.184697352363045,4.185192204936822
38,5.91966592357074,1.7649994724312963,5.860727759699179,1.7067622869334187,-1.7067622869334196,4.2129036366373205,4.153965472765759,4.154666451139444
39,5.91966592357074,1.799930833724975,5.908427441905486,1.7896120452211313,-1.7896120452211313,4.130053878349608,4.118815396684354,4.119735089845765
40,5.919665923570707,1.8392781616512437,5.949102690051083,1.8698555584521568,-1.8698555584521561,4.049810365118551,4.079247131598927,4.0803877619194635
41,6.002113116558538,1.9654282045174751,5.983883297532313,1.9485500973032868,-1.9485500973032859,4.053563019255252,4.035333200229028,4.036684912041063
42,6.0160846563529775,2.027309228399391,6.013933933332856,2.026697930678342,-2.0266979306783424,3.989386725674635,3.9872360026545137,3.9887754279535863
43,6.016084656354585,2.0791707709751988,6.040139013813791,2.104914613329177,-2.1049146133291767,3.9111700430254084,3.935224400484614,3.9369138853793864
44,6.016084656358199,2.13460855354084,6.062854606088485,2.1831661493105363,-2.1831661493105363,3.832918507047663,3.8796884567779486,3.881476102817359
45,6.101834529541581,2.2788626890425103,6.0818200459730765,2.260668839344805,-2.260668839344805,3.8411656901967755,3.8211512066282713,3.8229718404990702
46,6.112503389125295,2.350449954000927,6.0962778203850405,2.3360014816657655,-2.336001481665765,3.77650190745953,3.7602763387192755,3.762053435124368
47,6.112503389081513,2.412984200354507,6.1052813203860286,2.4074105732405786,-2.4074105732405786,3.7050928158409344,3.69787074714545,3.699519188727006
48,6.112503389031786,2.4761926557281404,6.108100507950811,2.4732194431386403,-2.4732194431386403,3.6392839458931454,3.6348810648121703,3.6363107333036453
49,6.112503389064245,2.538999847897618,6.104593806805017,2.5322102967807822,-2.5322102967807814,3.5802930922834637,3.5723835100242356,3.573503541166627
50,6.112503389316973,2.6002132349078924,6.095417772740372,2.5838511123535626,-2.583851112353562,3.5286522769634106,3.5115666603868103,3.5122901544090803
51,6.112503389858851,2.6585473512553883,6.081997008816273,2.6282899074089903,-2.6282899074089903,3.484213482449861,3.453707101407283,3.453956038603463
52,6.050397544874888,2.65054919339644,6.06625892529353,2.6661206595319467,-2.6661206595319467,3.384276885342941,3.4001382657615835,3.3998483514784477
53,6.016084657666513,2.6647463420312065,6.050222011809398,2.698008847849113,-2.698008847849114,3.3180758098173984,3.3522131639602835,3.351338315635306
54,6.0160846558896415,2.7063063879055687,6.035579845821878,2.724317759510374,-2.7243177595103734,3.291766896379268,3.3112620863115043,3.309778267984073
55,6.016084651397729,2.7396298045351433,6.0234239807163705,2.7448772740632594,-2.74487727406326,3.271207377334469,3.2785467066531107,3.2764548468625856
56,6.016084644558224,2.7635445579446962,6.014194887020603,2.758982569336096,-2.758982569336097,3.257102075222127,3.2552123176845056,3.2525400866135277
57,6.016084638522978,2.7770422047000247,6.007862120222285,2.765621965107866,-2.7656219651078655,3.2504626734151123,3.2422401551144193,3.239042433822953
58,6.016084640195713,2.7793247895733844,6.0042478417704785,2.7638459359980714,-2.7638459359980723,3.2522387041976404,3.2404019057724063,3.2367598506223283
59,6.016084659477892,2.769847443699269,6.003356744617056,2.7531382142686223,-2.7531382142686223,3.26294644520927,3.250218530348434,3.2462372157786232
60,6.0160847054035385,2.7483545405514986,6.005580499692805,2.733655042622676,-2.733655042622676,3.2824296627808627,3.271925457070129,3.26773016485204
61,6.016084778328153,2.714907455477288,6.011702113389305,2.706256096205931,-2.706256096205931,3.3098286821222223,3.3054460171833737,3.301177322850865
62,6.016084859005206,2.669902273308503,6.022708362939785,2.672333661004166,-2.6723336610041657,3.34375119800104,3.350374701935619,3.346182585696703
63,6.016084898251611,2.6140761883684456,6.039490228560815,2.633518792844833,-2.633518792844833,3.382566105406778,3.4059714357159825,3.4020087098831655
64,6.016084814363353,2.5485018221980593,6.062542789746456,2.5913751908230527,-2.5913751908230536,3.4247096235402994,3.4711675989234028,3.4675829921652936
65,6.0740576593238975,2.5325423725852083,6.0917595788842345,2.5471755592592493,-2.547175559259249,3.5268821000646486,3.5445840196249856,3.541515286738689
66,6.160802722833235,2.53867467870512,6.1263669347501715,2.501806322339727,-2.5018063223397276,3.658996400493508,3.624560612410444,3.6221280441281154
67,6.208920484047228,2.50142298982402,6.164989925097892,2.455793121011729,-2.4557931210117285,3.7531273630354995,3.7091968040861634,3.707497494223208
68,6.208919519773168,2.4134149536385747,6.20580859480919,2.409407217184242,-2.4094072171842424,3.799512302588926,3.7964013776249472,3.7955045661345936
69,6.208918938688461,2.3250252692621767,6.24676082482674,2.362810907572343,-2.362810907572343,3.8461080311161178,3.883949917254397,3.8838936694262842
70,6.247030262687992,2.27669318171032,6.285765406226646,2.3162177311356222,-2.3162177311356222,3.9308125315523696,3.9695476750910235,3.970337080977672
71,6.324206930966582,2.271704520378428,6.320954531874642,2.270059109399269,-2.270059109399269,4.054147821567313,4.050895422475373,4.052502410588154
72,6.401765096808812,2.2736446252405065,6.35090169630377,2.225145988492433,-2.2251459884924327,4.176619108316379,4.1257557078113365,4.128120471568305
73,6.401773860056977,2.206722992158195,6.374808808487497,2.182791887291259,-2.182791887291259,4.218981972765718,4.192016921196238,4.195050867898782
74,6.401785000506935,2.1504422731478563,6.39259296899972,2.1448402963494697,-2.1448402963494697,4.2569447041574655,4.24775267265025,4.251342727359079
75,6.401795843894937,2.1065075909695663,6.404813796967351,2.1135395788539184,-2.1135395788539184,4.288256265041019,4.291274218113433,4.295288252925371
76,6.401801439264053,2.076334321086035,6.412421409728738,2.091247397707878,-2.0912473977078787,4.310554041556175,4.32117401202086,4.325467118178018
77,6.401794609071644,2.0610144333299933,6.416375404294406,2.0800164803693715,-2.080016480369371,4.321778128702274,4.336358923925035,4.340780175741651
78,6.4017668384791815,2.061295383078182,6.417256063923503,2.081183869938256,-2.081183869938256,4.320582968540926,4.336072193985247,4.3404714554009995
79,6.401710261974182,2.077572290126888,6.415021422849126,2.0951176920302803,-2.0951176920302803,4.306592569943902,4.3199037308188455,4.3241379718472945
80,6.401620808917237,2.1098933978590804,6.409031162841043,2.1212423886709733,-2.1212423886709737,4.280378420246263,4.287788774170069,4.291727411058156
81,6.401502251593367,2.1579779618779993,6.398363268336107,2.158368047536565,-2.158368047536565,4.243134204056802,4.239995220799542,4.243524289715368
82,6.401370498673626,2.2212448418745323,6.382326812069669,2.2052266548813995,-2.2052266548814,4.1961438437922265,4.177100157188269,4.180125656799094
83,6.401257072419409,2.29884926492449,6.360977584587788,2.2610210518988083,-2.2610210518988088,4.1402360205206,4.09995653268898,4.102407807494919
84,6.390608010806807,2.3791222218361847,6.3354196963700655,2.3257680167456183,-2.325768016745619,4.064839994061188,4.009651679624446,4.011485788970623
85,6.304874824688723,2.3962071409901866,6.307743085866034,2.4002824769595,-2.4002824769595,3.9045923477292233,3.9074606089065336,3.908667683698537
86,6.231188962923067,2.435783209262851,6.280581544906656,2.485783264381313,-2.4857832643813125,3.7454056985417545,3.794798280525344,3.795405753660216
87,6.2092891398412196,2.5360426204590936,6.256424781346543,2.5832493287932197,-2.58324932879322,3.6260398110479994,3.673175452553323,3.673246519382126
88,6.210148019607776,2.666366280752572,6.236919366812458,2.6927581027507106,-2.6927581027507106,3.5173899168570655,3.5441612640617475,3.543781738855204
89,6.211316532982721,2.8027144771438155,6.222404044080816,2.8130519516849737,-2.813051951684974,3.398264581297747,3.4093520923958422,3.4086020558389056
90,6.212730490518268,2.943475668643446,6.2118394848475,2.9414980645565727,-2.9414980645565727,3.2712324259616956,3.2703414202909276,3.2692548218748225
91,6.2142427533183495,3.087035471912254,6.2031463130978075,3.0744646369624293,-3.0744646369624284,3.139778116355921,3.128681676135379,3.1272072814060956
92,6.215611657623322,3.2317956916536867,6.1938177558057745,3.20798848067699,-3.2079884806769896,3.0076231769463324,2.985829275128785,2.9838159659696353
93,6.216499962404024,3.3761971697217965,6.181582561857244,3.338512096328802,-3.3385120963288024,2.8779878660752214,2.8430704655284416,2.8403027926822273
94,6.1758357986106684,3.4780977746689246,6.164892643115497,3.463455296712217,-3.4634552967122176,2.712380501898451,2.7014373464032793,2.697738023941744
95,6.118675058296776,3.5616451216993523,6.143094277351205,3.5814580071932367,-3.5814580071932367,2.5372170511035392,2.561636270157968,2.5570299365974236
96,6.115404196736617,3.6964834132126785,6.1162738711964835,3.6922556423770945,-3.6922556423770936,2.4231485543595235,2.42401822881939,2.4189207835239386
97,6.109785863072075,3.825797444846935,6.084893978269886,3.796277123196158,-3.7962771231961567,2.313508739875918,2.288616855073729,2.2839884182251398
98,6.00501123470016,3.8523584355500162,6.049403361518835,3.8941410146535103,-3.8941410146535107,2.1108702200466496,2.1552623468653245,2.152652799150144
99,5.993656358691926,3.968469862745409,6.00999343719694,3.9862405579771343,-3.9862405579771343,2.0074158007147913,2.0237528792198054,2.0251864959465165
100,5.979210253545432,4.077481971393556,5.966592708467342,4.072553983728608,-4.072553983728608,1.906656269816824,1.894038724738734,1.9017282821518755
101,5.9611612673365615,4.178862355513221,5.919077553991961,4.152717341704582,-4.152717341704583,1.8084439256319786,1.7663602122873785,1.7822989118233408
102,5.8539594490545666,4.187141216220277,5.867580494771098,4.226293303447293,-4.226293303447293,1.6276661456072734,1.641287191323805,1.6668182328342898
104,5.822953234955964,4.329794983164219,5.812736139064849,4.293100883692993,-4.293100883692993,1.5298523512629707,1.5196352553718553,1.493158251791745
105,5.792684075307237,4.407745705078715,5.755735517260199,4.3534612740119325,-4.353461274011932,1.4392228012953057,1.402274243248267,1.3849383702285227
106,5.684380683698447,4.4042609240920445,5.698145409722539,4.408262321729719,-4.408262321729718,1.276118361968729,1.2898830879928207,1.2801197596064027
107,5.625214517112834,4.446824882460165,5.641551908986555,4.458824919787427,-4.458824919787427,1.1663895973254075,1.1827269891991286,1.1783896346526697
108,5.534054796026628,4.454638342713411,5.587163097090023,4.506634191012036,-4.5066341910120356,1.0274206050145924,1.080528906077987,1.0794164533132178
109,5.512508183042203,4.529645021027027,5.535523149893301,4.553044804826299,-4.5530448048263,0.9594633782159034,0.9824783450670012,0.9828631620151764
110,5.493489770027301,4.605090938527301,5.486443519359236,4.599066732404239,-4.599066732404237,0.8944230376230635,0.8873767869549987,0.8883988315000004
111,5.477552732068356,4.68184409546622,5.439168710091419,4.645292186913261,-4.645292186913262,0.8322605451550942,0.7938765231781568,0.7957086366021369
112,5.418416875979348,4.7139146947750294,5.392703570584667,4.69196081511643,-4.691960815116432,0.7264560608629163,0.7007427554682346,0.7045021812043191
113,5.3597695212975,4.745249320043857,5.346173230213332,4.739107086260688,-4.739107086260688,0.6206624350368122,0.6070661439526441,0.6145202012536437
114,5.258047167760727,4.732507470441846,5.2990852980490555,4.786711167048271,-4.7867111670482725,0.4713360007124541,0.512374131000783,0.5255396973188802
115,5.256087777546188,4.818710219961732,5.251412692099242,4.834787400553131,-4.8347874005531315,0.4213003769930568,0.4166252915461106,0.43737755758445696
117,5.210054274726347,4.9148742543237,5.203490549200341,4.883382602117347,-4.883382602117345,0.32667167260900154,0.3201079470829953,0.2951800204026471
118,5.164127743258948,4.954728792149519,5.155789621253239,4.932500122801271,-4.93250012280127,0.2316276204576786,0.22328949845196888,0.20939895110942963
119,5.073064748438963,4.948876746511814,5.108665604479659,4.981996405326978,-4.981996405326979,0.09106834311198408,0.12666919915267982,0.12418800192714885
120,5.079743174959059,5.04021808787712,5.062180133979732,5.031505392263283,-5.031505392263282,0.04823778269577694,0.03067474171644946,0.0395250870819388
121,5.032281086588347,5.076854944022307,5.016051669952454,5.080432690757474,-5.080432690757474,-0.048151604169127005,-0.06438102080501995,-0.04457385743395981
123,4.943371185697398,5.118828240768273,4.969741172987142,5.128033004624038,-5.128033004624038,-0.18466181892664046,-0.15829183163689642,-0.17545705507087472
124,4.909923953557744,5.166865661167005,4.922628816152777,5.173551592535846,-5.173551592535846,-0.26362763897810204,-0.25092277638306903,-0.2569417076092615
125,4.907515861555128,5.2451352151828115,4.87421040809675,5.216384993438208,-5.21638499343821,-0.30886913188308185,-0.3421745853414597,-0.3376193536276837
126,4.828055406040686,5.24542823433275,4.824242183207597,5.256206337887934,-5.256206337887933,-0.42815093184724695,-0.4319641546803368,-0.4173728282920637
128,4.791147219476931,5.328043261802728,4.772786544144695,5.293009596398978,-5.29300959639898,-0.5018623769220483,-0.520223052254285,-0.5368960423257965
129,4.702006478941621,5.315106685675375,4.720149333350126,5.327053067499891,-5.327053067499893,-0.6250465885582717,-0.6069037341497667,-0.6131002067337539
130,4.653570464243285,5.341560503043839,4.666738352013649,5.358717952881648,-5.35871795288165,-0.7051474886383655,-0.6919796008680015,-0.6879900388005535
131,4.625098854362599,5.386535942399313,4.612899647460517,5.38833043042236,-5.388330430422361,-0.7632315760597619,-0.7754307829618439,-0.7614370880367138
133,4.5441675587303205,5.411941822695509,4.558794446257576,5.416012807332763,-5.4160128073327645,-0.871845248602444,-0.8572183610751889,-0.8677742639651878
134,4.482291916887293,5.4190694363122365,4.504365017666382,5.441623871627833,-5.441623871627833,-0.9593319547405397,-0.9372588539614508,-0.9367775194249435
135,4.478917359266166,5.482966338652992,4.4494089792359555,5.464821959677284,-5.464821959677284,-0.9859046004111178,-1.0154129804413285,-1.0040489793868261
137,4.390097925233105,5.489366000682086,4.3937476651971625,5.485244555255924,-5.485244555255922,-1.0951466300228168,-1.0914968900587594,-1.0992680754489812
138,4.363615309332242,5.525393341270263,4.337443718685996,5.502757375884668,-5.502757375884669,-1.1391420665524272,-1.1653136571986726,-1.161778031938021
140,4.2946162261237895,5.543566056604555,4.281002144923001,5.517695167454211,-5.51769516745421,-1.2230789413304208,-1.2366930225312096,-1.2489498304807656
141,4.229093252883649,5.535802974729689,4.225480378137957,5.531003591095525,-5.5310035910955255,-1.3019103382118766,-1.305523212957569,-1.3067097218460408
142,4.128163743725245,5.490782398069923,4.172438105114905,5.5442004373032905,-5.544200437303291,-1.4160366935780466,-1.3717623321883865,-1.3626186543446788
144,4.1034620670735205,5.542785442100918,4.123680938263413,5.559107156833829,-5.559107156833828,-1.4556450897603073,-1.4354262185704147,-1.4393233750273977
145,4.103335846868902,5.5939896514585445,4.080798157926899,5.577358089005257,-5.577358089005257,-1.4740222421363551,-1.496559931078358,-1.4906538045896425
147,4.063103020988564,5.623346175379413,4.044562132169077,5.599768365923171,-5.599768365923171,-1.5366653449346073,-1.5552062337540944,-1.5602431543908493
148,4.006228918843133,5.6134062832666105,4.0143304060836265,5.625714560611485,-5.625714560611485,-1.6194856417683514,-1.6113841545278582,-1.6071773644234773
150,3.9070605848215263,5.577144522116053,3.9876428997711066,5.652727636647693,-5.652727636647693,-1.745667051826167,-1.6650847368765866,-1.6700839372945269
151,3.9095548425945807,5.622306680136896,3.960204256086077,5.676486700829874,-5.676486700829875,-1.766931858235294,-1.7162824447437979,-1.7127518375423154
153,3.910697690643718,5.680009896282546,3.926365141733645,5.691318790738562,-5.691318790738561,-1.7806211000948426,-1.7649536490049158,-1.769312205638828
154,3.9157133889249667,5.723454001781366,3.8800749179642997,5.691166286162149,-5.691166286162149,-1.7754528972371824,-1.8110913681978493,-1.8077406128564002
156,3.9110457583121487,5.769202455587959,3.816114149369218,5.670822636006472,-5.6708226360064735,-1.7597768776943248,-1.8547084866372554,-1.8581566972758106
157,3.8254248779262814,5.717677975625856,3.7312923658624078,5.627120392105109,-5.627120392105108,-1.8016955141788267,-1.8958280262427003,-1.8922530976995748
159,3.6502311986455234,5.5868260433225,3.6252712188811196,5.5597366948210745,-5.5597366948210745,-1.909505496175551,-1.9344654759399549,-1.9365948446769763
160,3.5392003461580943,5.505373649217191,3.5007670938661244,5.47137898177121,-5.47137898177121,-1.9321786356131154,-1.9706118879050853,-1.9661733030590969
162,3.3185224687382133,5.322947567954718,3.363072923372431,5.367299040056439,-5.367299040056439,-2.0487765713182258,-2.0042261166840083,-2.0044250992165047
164,3.1476234747324163,5.186819887280549,3.2190476087247983,5.254288115397552,-5.254288115397552,-2.1066646406651355,-2.0352405066727535,-2.039196412548133
165,3.08489050380277,5.14630590687958,3.075872636356066,5.139451354348891,-5.139451354348892,-2.054560850546122,-2.0635787179928258,-2.0614154030768104
167,2.9153286071708817,5.0054790225038985,2.939913649799526,5.029093403115726,-5.029093403115725,-2.1137647959448436,-2.0891797533161993,-2.0901504153330164
169,2.7953780623460966,4.910949901256831,2.8159434725887946,4.927963906195142,-4.927963906195142,-2.1325858438490455,-2.1120204336063475,-2.1155718389107343
170,2.707598971036328,4.837957821497264,2.706826023399712,4.8389559909738225,-4.8389559909738225,-2.1313570199374943,-2.1321299675741106,-2.130358850460936
172,2.5973169584975238,4.74742935115434,2.6135983715990596,4.763192279007323,-4.763192279007323,-2.1658753205097994,-2.1495939074082635,-2.1501123926568155
174,2.5246454713240096,4.691582905549186,2.535784914124781,4.700333873968537,-4.700333873968536,-2.1756884026445267,-2.1645489598437555,-2.166937434225176
175,2.4811078665919064,4.656082943059391,2.471763338994875,4.6489363850517655,-4.648936385051765,-2.1678285184598582,-2.1771730460568897,-2.1749750764674847
177,2.4199521622111604,4.607026914576295,2.419063021861545,4.606738525015879,-4.606738525015877,-2.1867863628047166,-2.187675503154332,-2.1870747523651346
179,2.326019560798813,4.522950620234712,2.374569451815076,4.570860065836687,-4.570860065836686,-2.2448405050378732,-2.19629061402161,-2.1969310594358995
181,2.3258982084191766,4.530743697477967,2.334684807179464,4.537959626339393,-4.5379596263393935,-2.212061417920217,-2.2032748191599296,-2.2048454890587905
183,2.3320653900785064,4.543205130707735,2.295523803794409,4.504429277410122,-4.504429277410122,-2.172363887331615,-2.2089054736157125,-2.211139740629229
184,2.2268242693684197,4.438732356719182,2.253201883702837,4.466679858728332,-4.466679858728332,-2.2398555893599124,-2.213477975025495,-2.211908087350762
186,2.2573212113877013,4.473610501332075,2.2042187216921345,4.421517552708628,-4.421517552708629,-2.1641963413209275,-2.2172988310164943,-2.2162892899443745
188,2.182796060474512,4.4028279213925465,2.1458821494124862,4.3665563878505385,-4.3665563878505385,-2.1837603273760267,-2.2206742384380522,-2.2200318609180347
190,2.094971769112326,4.31842882083665,2.076678817403756,4.300574732588423,-4.300574732588422,-2.205602963476096,-2.223895915184666,-2.223457051724324
192,1.9691440317364497,4.196005248254675,1.9964885820891578,4.223715739652743,-4.223715739652744,-2.254571707916294,-2.2272271575635862,-2.2268612165182256
194,1.8771643245140608,4.107670932290813,1.9065604564276706,4.137452426695681,-4.137452426695681,-2.2602881021816206,-2.2308919702680106,-2.2305066077767526
196,1.8516461815469956,4.08625940180792,1.8092144367937641,4.044283267710144,-4.044283267710144,-2.192637086163148,-2.2350688309163798,-2.2346132202609246
198,1.746232259314137,3.985584377592434,1.7072983607624024,3.9471872839469837,-3.947187283946985,-2.200955024632848,-2.2398889231845827,-2.239352118278297
200,1.605285577626282,3.8501261884852918,1.603500448795731,3.8489377595730554,-3.8489377595730554,-2.243652181946773,-2.2454373107773247,-2.2448406108590095
202,1.4413401859559352,3.6924797340212185,1.4996781479741639,3.7514332059867987,-3.7514332059867996,-2.3100930200308643,-2.2517550580126358,-2.2511395480652836
204,1.314724891844412,3.5729777959816937,1.3963899902907144,3.6552307738730136,-3.655230773873013,-2.340505882028601,-2.258840783582299,-2.2582529041372816
206,1.280547763360836,3.5466774588411942,1.292789479211378,3.559440649651253,-3.559440649651253,-2.278892886290417,-2.266651170439875,-2.266129695480358
208,1.2225958564191934,3.4972640166571756,1.186952370712855,3.4620533660596724,-3.4620533660596715,-2.239457509640478,-2.2751009953468166,-2.274668160237982
210,1.0954472665410588,3.3791692748115363,1.0765791128443236,3.3606430133576253,-3.3606430133576244,-2.2651957468165653,-2.284063900513301,-2.2837220082704777
212,1.0146724302119297,3.307780872746341,0.9598843498821253,3.253259569925852,-3.2532595699258535,-2.238587139713924,-2.2933752200437283,-2.2931084425344115
214,0.8817537303429973,3.1843712916833016,0.8364065156656616,3.1392442708339576,-3.139244270833957,-2.2574905404909598,-2.3028377551682957,-2.302617561340304
216,0.7286485108643855,3.040671191891273,0.7074800568717223,3.0197107362059805,-3.0197107362059805,-2.291062225341595,-2.312230679334258,-2.3120226810268876
218,0.5658181594906128,2.886909233717683,0.5762156488546156,2.8975366458066176,-2.8975366458066176,-2.3317184863160048,-2.321320996952002,-2.3210910742270703
221,0.42177930198580565,2.7525065648414007,0.4469970388123594,2.7768734226493734,-2.7768734226493725,-2.355094120663567,-2.3298763838370133,-2.330727262855595
223,0.31151555781649654,2.6498935748589805,0.3246661191414435,2.6623440469839803,-2.6623440469839803,-2.3508284891674838,-2.337677927842537,-2.338378017042484
225,0.18951090182953695,2.5345767136428465,0.21366516308848743,2.558196482813485,-2.558196482813485,-2.3686855809839478,-2.3445313197249975,-2.3450658118133094
227,0.07061472896484294,2.4212459532318724,0.11739663094377775,2.4676720421201486,-2.4676720421201477,-2.3970573131553046,-2.3502754111763697,-2.3506312242670293
229,0.018789221806657933,2.373740736509536,0.03795189464333997,2.3927395394249986,-2.392739539424998,-2.3739503176183403,-2.3547876447816583,-2.3549515147028783
232,0.027134200361908896,2.3858632477016175,-0.02380101040084991,2.3341854679878278,-2.334185467987828,-2.307051267625919,-2.357986478388678,-2.3587290473397085
234,-0.04594655480433757,2.3143577262809605,-0.06792411981263316,2.2919072575679813,-2.291907257567981,-2.3378538123723183,-2.359831377380614,-2.360304281085298
236,-0.1587805399308237,2.201734988339918,-0.09512833035383222,2.2651927697145995,-2.2651927697145995,-2.4239733096454232,-2.3603211000684317,-2.3605155282707417
239,-0.1171862646198059,2.2428421497377933,-0.10667829479760853,2.252812556796167,-2.252812556796167,-2.369998821415973,-2.3594908515937756,-2.360028414357599
241,-0.0692094454126378,2.2884156622282643,-0.10452669868516534,2.2528818609497145,-2.2528818609497145,-2.3220913063623523,-2.3574085596348797,-2.357625107640902
244,-0.05603804940445682,2.2985727207242213,-0.09156646131714133,2.262603764799209,-2.262603764799209,-2.318641814203666,-2.3541702261163504,-2.3546107701286783
246,-0.1610657919675243,2.188940602161734,-0.07178703314013976,2.2781071732911253,-2.2781071732911258,-2.43917296525865,-2.3498942064312653,-2.350006394129258
248,-0.20399701151607513,2.1405231625254415,-0.05012347108013261,2.294590942926647,-2.294590942926647,-2.498587954442722,-2.3447144140067797,-2.3445201740415165
251,0.08012867671612837,2.4188577333987817,-0.03190077016534685,2.3068719807533937,-2.3068719807533933,-2.226743304037265,-2.33877275091874,-2.3387290566826535
253,0.10007731977297613,2.4319659306897954,-0.021956309644094434,2.3102550483898594,-2.310255048389859,-2.2101777286168827,-2.332211358033953,-2.331888610916819
256,0.016011036757405953,2.3409773760221566,-0.023691367170026283,2.301474037838266,-2.301474037838266,-2.2854630010808603,-2.3251654050082924,-2.324966339264751
259,-0.008121693609447419,2.3095395718851552,-0.038378533836131296,2.2793785096669876,-2.2793785096669876,-2.287500203276435,-2.3177570435031187,-2.3176612654946025
261,-0.06701824026093257,2.2427555281963807,-0.06499277070741208,2.2450981130719,-2.2450981130719,-2.3121163533328324,-2.310090883779312,-2.309773768457313
264,-0.1227364957177705,2.1793060701757985,-0.10065801441905634,2.2015930372082577,-2.2015930372082577,-2.3243295329260283,-2.302251051627314,-2.302042565893569
266,-0.16337240932874347,2.1305515187528137,-0.14157873688021233,2.1527209361628072,-2.1527209361628072,-2.316093345491551,-2.2942996730430196,-2.2939239280815573
269,-0.22669748191716985,2.0593237527255006,-0.18414763160393677,2.102128949607515,-2.1021289496075144,-2.3288264315246843,-2.2862765812114514,-2.2860212346426705
272,-0.26664981489135947,2.011409670450006,-0.22586177076077074,2.052338338818422,-2.0523383388184215,-2.318988153709781,-2.2782001095791924,-2.2780594853413656
274,-0.2701421853122539,1.999679408001838,-0.26576477969501017,2.004304157395824,-2.0043041573958233,-2.274446342708077,-2.2700689370908336,-2.269821593314092
277,-0.30954284488282524,1.952193570688294,-0.30432495131999193,1.9575400421730293,-1.9575400421730291,-2.2670828870558544,-2.2618649934930213,-2.2617364155711193
280,-0.27169344434737086,1.9818446009649389,-0.3428757449006462,1.910681629531724,-1.910681629531724,-2.182375073879095,-2.2535573744323703,-2.2535380453123097
283,-0.4095232274647685,1.8356634143631343,-0.38289499488005585,1.8622120867463225,-1.8622120867463225,-2.271735314211091,-2.2451070816263785,-2.2451866418279027
286,-0.37877787850476397,1.8578615591021288,-0.42542531651055715,1.8110469407217769,-1.8110469407217766,-2.1898248192265406,-2.2364722572323337,-2.2366394376068928
288,-0.465527747570919,1.7621807545241295,-0.47083846131725604,1.7567750371708426,-1.7567750371708428,-2.222302784741762,-2.2276134984880986,-2.2277085020950484
291,-0.5353101502373311,1.6833564140178638,-0.5189722346932198,1.6995266213364255,-1.6995266213364257,-2.234836771573757,-2.2184988560296457,-2.218666564255195
294,-0.613938468316366,1.5953940453634565,-0.5695018170938853,1.6396064044450946,-1.6396064044450949,-2.253544872761461,-2.20910822153898,-2.2093325136798225
297,-0.6427236203008652,1.5569768801751822,-0.6223201912687788,1.5771167575327918,-1.5771167575327916,-2.219840377833657,-2.19943694880157,-2.1997005004760473
300,-0.6888651105986906,1.5009183015555219,-0.6777271115176966,1.5117715571901658,-1.5117715571901655,-2.200636667788856,-2.189498668707862,-2.1897834121542123
303,-0.7202382692727084,1.459376858776945,-0.7363413731207505,1.4429859458742689,-1.4429859458742689,-2.163224215146977,-2.1793273189950195,-2.179615128049653
306,-0.7631280081455954,1.406123827197451,-0.7987960700955619,1.3701823381756992,-1.3701823381756995,-2.133310346321295,-2.1689784082712613,-2.1692518353430463
309,-0.8069975251292143,1.3517748438208375,-0.8653818156857489,1.2931476760210945,-1.2931476760210945,-2.100145201150309,-2.1585294917068434,-2.1587723689500518
312,-0.9321116790933863,1.216165882415524,-0.9358222938310328,1.2122574947825635,-1.2122574947825635,-2.14436917387595,-2.1480797886135963,-2.1482775615089102
316,-1.0403734637979878,1.097589643889112,-1.0092968930728934,1.1284519548048124,-1.1284519548048124,-2.1688254186028004,-2.137748847877706,-2.1379631076870997
319,-1.121478413571896,1.0063353515869586,-1.08470492745109,1.0429692495512513,-1.042969249551251,-2.164447663123147,-2.127674177002341,-2.1278137651588547
322,-1.203450386732066,0.9146124009091299,-1.1610527371842998,0.9569550529429357,-0.9569550529429357,-2.1604054396750016,-2.1180077901272356,-2.118062787641196
325,-1.212072721247548,0.896800318903157,-1.2377896297887465,0.871122055614878,-0.8711220556148779,-2.0831947768624257,-2.1089116854036245,-2.108873040150705
328,-1.3190494744360604,0.7813623284181213,-1.3149415222175416,0.7856107968055684,-0.7856107968055684,-2.1046602712416287,-2.10055231902311,-2.1004118028541816
332,-1.3672320879779556,0.7256636023535812,-1.3929768388736732,0.700117351209784,-0.7001173512097839,-2.0673494391877396,-2.093094190083457,-2.0928956903315368
335,-1.4200624328360258,0.6663136723671923,-1.4724480692546928,0.614244613067805,-0.6142446130678049,-2.0343070459038306,-2.086692682322498,-2.086376105203218
338,-1.5829693621321712,0.49807918661238215,-1.553540264498039,0.5279460640418071,-0.527946064041807,-2.110915426173978,-2.081486328539846,-2.0810485487445534
342,-1.6722926793208417,0.40477763794438704,-1.63569423234232,0.44189444520204546,-0.4418944452020455,-2.1141871245228874,-2.0775886775443655,-2.0770703172652287
345,-1.688265118700794,0.38617636106169906,-1.7174489445289547,0.3576310148340604,-0.35763101483406046,-2.0458961335348542,-2.0750799593630154,-2.074441479762493
349,-1.7693234036776064,0.30396016057262276,-1.7965769187690195,0.2774218499693959,-0.27742184996939595,-2.0467452536470025,-2.0739987687384156,-2.073283564250229
352,-1.8547291104698649,0.21878951775831346,-1.8704941679912925,0.20383985512895905,-0.20383985512895905,-2.0585689655988237,-2.0743340231202514,-2.0735186282281783
356,-1.934709226832756,0.14044171585872878,-1.9368412299385853,0.13917626903058045,-0.13917626903058047,-2.0738854958633364,-2.0760174989691658,-2.0751509426914847
359,-2.0991883958660282,-0.021196186788024818,-1.99407726331571,0.08484003859715963,-0.08484003859715965,-2.1840284344631877,-2.0789173019128695,-2.0779922090780034
363,-2.0829646717855343,-0.0010601744624807452,-2.0419197699970995,0.040912901699605195,-0.04091290169960519,-2.1238775734851396,-2.0828326716967047,-2.0819044973230536
366,-2.0419037516742367,0.04466241123473491,-2.0815017761774666,0.005988774969748969,-0.005988774969748968,-2.047892526643986,-2.0874905511472157,-2.0865661629089716
370,-2.105225349572521,-0.01354115905686859,-2.115196453015338,-0.022652102557003808,0.02265210255700381,-2.0825732470155174,-2.0925443504583345,-2.0916841905156525
374,-2.161674570177733,-0.06485739669576951,-2.146153529144075,-0.04857822066238863,0.048578220662388635,-2.1130963495153443,-2.0975753084816864,-2.0968171734819636
377,-2.153755539484602,-0.052294218906555834,-2.1776729155292767,-0.07557612566907128,0.07557612566907129,-2.0781794138155307,-2.102096789860205,-2.1014613205780464
381,-2.1894865142139635,-0.08437747577563304,-2.2125823876129487,-0.10702062458147418,0.10702062458147417,-2.0824658896324895,-2.1055617630314747,-2.1051090384383304
385,-2.2361930423914425,-0.12905162750602406,-2.2527743604776607,-0.14540077663595152,0.14540077663595152,-2.090792265755491,-2.107373583841709,-2.1071414148854184
389,-2.2560037705006533,-0.1490812917330926,-2.2989969656603604,-0.19209689818724218,0.1920968981872422,-2.063906872313411,-2.106900067473118,-2.1069224787675607
393,-2.378907236600268,-0.2751114660972309,-2.3509099272953407,-0.24741925373114554,0.24741925373114548,-2.131487982869123,-2.1034906735641954,-2.1037957705030372
397,-2.419352956060368,-0.3222486306785166,-2.407338438453044,-0.31084197549641557,0.31084197549641557,-2.1085109805639526,-2.0964964629566283,-2.0971043253818515
401,-2.508150562937268,-0.42193751328853013,-2.4666144125434286,-0.38132209481296997,0.38132209481296986,-2.126828468124298,-2.0852923177304588,-2.086213049648738
405,-2.5082107109093617,-0.4376778800733141,-2.526894199079173,-0.4575934411668364,0.4575934411668364,-2.050617269742525,-2.0693007579123366,-2.0705328308360476
409,-2.502526020378121,-0.45298045005853593,-2.5863772575776056,-0.538360710274917,0.538360710274917,-1.964165310103204,-2.0480165473026886,-2.049545570319585
413,-2.688625881733316,-0.6657966844622178,-2.6434018313695113,-0.6223706658498231,0.6223706658498231,-2.0662552158834933,-2.0210311655196884,-2.0228291972710983
417,-2.719500482722089,-0.7294188545417324,-2.6964407319485932,-0.7083845914116387,0.7083845914116386,-2.0111158913104505,-1.9880561405369548,-1.9900816281803566
421,-2.7465569126588063,-0.7954143299014507,-2.7440493277415765,-0.7951051367390447,0.7951051367390448,-1.9514517759197614,-1.9489441910025316,-1.9511425827573556
425,-2.808996325084462,-0.9029841637294851,-2.7848254492878644,-0.8811183242224684,0.8811183242224685,-1.9278780008619936,-1.9037071250653959,-1.906012161354977
430,-2.7951040950247097,-0.9402319015895744,-2.817431706761778,-0.964902220563939,0.964902220563939,-1.8302018744607707,-1.852529486197839,-1.8548721934351353
434,-2.7935020890191558,-0.9954355161727995,-2.840709317936445,-1.0449322885138828,1.0449322885138828,-1.748569800505273,-1.7957770294225623,-1.7980665728463563
438,-2.894930515040695,-1.158782406347565,-2.8538824074915254,-1.1198831531862732,1.1198831531862732,-1.7750473618544218,-1.7339992543052523,-1.73614810869313
443,-2.9059723389378456,-1.2361215794683762,-2.856815745023547,-1.1888903328930964,1.188890332893096,-1.7170820060447496,-1.667925412130451,-1.6698507594694694
447,-2.8609812026672783,-1.2609174720136318,-2.8502534407874807,-1.251799802400336,1.251799802400336,-1.6091814002669422,-1.5984536383871446,-1.6000637306536465
451,-2.808727851800431,-1.280879238749526,-2.8359438313891534,-1.3093107025301682,1.3093107025301682,-1.4994171492702626,-1.5266331288589852,-1.5278486130509048
456,-2.8473636586987925,-1.3929680624051954,-2.816561519069876,-1.3629219530853545,1.3629219530853545,-1.484441705613438,-1.4536395659845216,-1.454395596293597
460,-2.786237815116875,-1.405257668933862,-2.7953806443986595,-1.4146363464853589,1.4146363464853589,-1.3716014686315163,-1.3807442979133007,-1.3809801461830131
465,-2.7713684949666835,-1.4624103468372942,-2.77572960205785,-1.466451540368878,1.466451540368878,-1.3049169545978054,-1.3092780616889719,-1.3089581481293893
470,-2.759884682487384,-1.5201910990124174,-2.7603433757884748,-1.5197530649925213,1.519753064992522,-1.240131617494862,-1.2405903107959528,-1.2396935834749665
474,-2.702564514906264,-1.5280360993955804,-2.7507915251088395,-1.574786081366593,1.5747860813665926,-1.1277784335396714,-1.176005443742247,-1.1745284155106837
479,-2.6702595459163474,-1.5555141841114961,-2.7471657817711774,-1.630388358070612,1.6303883580706118,-1.0398711878457356,-1.1167774237005657,-1.1147453618048513
484,-2.7635475068947457,-1.7020463896567475,-2.7481486219940767,-1.684104201793686,1.6841042017936858,-1.07944330510106,-1.064044420200391,-1.0615011172379982
489,-2.765538824231847,-1.7497430101744378,-2.7514691348942337,-1.7326839502849491,1.7326839502849491,-1.032854873946898,-1.0187851846092846,-1.0157958140574093
494,-2.8173258801884,-1.8388975071127172,-2.754625310059674,-1.7728464244223174,1.7728464244223174,-1.0444794557660824,-0.9817788856373564,-0.9784283730756826
499,-2.7883330732430176,-1.8383724790313436,-2.7556614039752407,-1.8020913282631825,1.8020913282631827,-0.9862417449798349,-0.953570075712058,-0.9499605942116739
504,-2.764803574277458,-1.8341155782004528,-2.753771731000943,-1.8193313980532593,1.8193313980532597,-0.9454721762241984,-0.9344403329476831,-0.9306879960770054
509,-2.7467934423471028,-1.8261746515336603,-2.749564212902662,-1.8251762840770565,1.8251762840770562,-0.9216171582700465,-0.9243879288256058,-0.9206187908134424
514,-2.7347560239674977,-1.8152939051082315,-2.744932306572628,-1.8218156925551487,1.8218156925551485,-0.9129403314123492,-0.9231166140174796,-0.9194621188592661
519,-2.7295301225478465,-1.8029037716394276,-2.7426051773249145,-1.8125708749586762,1.8125708749586764,-0.9169592475891701,-0.9300343023662381,-0.9266263509084189
524,-2.7321884424593805,-1.7909605403853035,-2.7455274970922665,-1.8012654202573632,1.8012654202573635,-0.9309230222020171,-0.944262076834903,-0.941227902074077
529,-2.7437715273454333,-1.7816609178598135,-2.756237675871616,-1.7915841215100263,1.7915841215100266,-0.9521874058354067,-0.9646535543615895,-0.9621106094856198
535,-2.7649619081375456,-1.7770852674297402,-2.7763726457009303,-1.7865484017689761,1.7865484017689766,-0.978413506368569,-0.9898242439319538,-0.9878766407078055
540,-2.795771683569105,-1.778851569105879,-2.8063589846430217,-1.78816885463109,1.7881688546310899,-1.0076028289380152,-1.0181901300119318,-1.016920114463226
545,-2.8353192202778197,-1.7878365910517569,-2.8452915929793496,-1.797277264349567,1.7972772643495663,-1.0380419559282534,-1.0480143286297834,-1.0474826292260628
551,-2.8817555534478396,-1.8040527841101723,-2.8909759015545826,-1.8135155888799441,1.8135155888799441,-1.0682399645678955,-1.0774603126746385,-1.0777027693376673
556,-2.9323709595708074,-1.8266987736678018,-2.9401168762800416,-1.8354669738817213,1.835466973881721,-1.0969039856890863,-1.1046499023983205,-1.1056721859030056
562,-2.9838733728911704,-1.8543684911045875,-2.9886553075851903,-1.8609313265005123,1.8609313265005125,-1.1229420463906579,-1.1277239810846778,-1.129504881786583
568,-3.0327915618440318,-1.8853992593507256,-3.032251106998744,-1.887347370456184,1.8873473704561836,-1.1454441913878481,-1.1449037365425605,-1.1473923024933061
573,-3.0759263988783445,-1.9182590026487847,-3.066879054023365,-1.9123288982498052,1.9123288982498052,-1.1635975006285393,-1.1545501557735598,-1.1576673962295598
579,-3.110760452290652,-1.9518970718967397,-3.0894436669077248,-1.9342241480973885,1.9342241480973885,-1.1765363041932635,-1.1552195188103362,-1.1588633803939123
585,-3.1357431398627202,-1.985983775032885,-3.098267677811285,-1.9525549273036167,1.9525549273036171,-1.1831882125591031,-1.145712750507668,-1.1497593648298352
591,-3.1503947373200707,-2.0209688562386354,-3.093300119553839,-1.9681834254499053,1.9681834254499058,-1.182211311870165,-1.1251166941039332,-1.1294258810814355
596,-3.083464574802961,-1.9862087617179682,-3.075946522185361,-1.9831108606347763,1.9831108606347767,-1.1003537141681843,-1.092835661550584,-1.0972558130849928
602,-3.039321463678512,-1.9863336111016943,-3.048535762824595,-1.9999237801448304,1.9999237801448304,-1.0393976835336818,-1.0486119826797644,-1.052987852576818
608,-2.9476694798930114,-1.9509575359518203,-3.0135661077703846,-2.0210314036343497,2.0210314036343493,-0.9266380762586621,-0.9925347041360353,-0.9967119439411911
615,-2.9311767938685005,-2.0023081176200956,-2.972963466318316,-2.0479274041024342,2.0479274041024342,-0.8832493897660663,-0.9250360622158817,-0.9288686762484049
621,-2.910193369264712,-2.059962450561165,-2.9275943451698794,-2.0807184938566006,2.0807184938566006,-0.8294748754081116,-0.8468758513132788,-0.8502309187035475
627,-2.8852690111642363,-2.1233900049623404,-2.8771932256393566,-2.1180789158499245,2.118078915849925,-0.7671900953143114,-0.7591143097894317,-0.7618790062018961
633,-2.8563990487448043,-2.1912385442924376,-2.8207172571189605,-2.157642631924196,2.157642631924196,-0.6987564168206082,-0.6630746251947643,-0.6651605044523667
639,-2.8106018314734658,-2.248958511766899,-2.7569871797883634,-2.196690581291226,2.196690581291226,-0.6139112501822397,-0.5602965984971373,-0.5616433197065664
646,-2.688812660927656,-2.235751150452689,-2.6853734272311183,-2.2328900460007715,2.2328900460007706,-0.45592261492688557,-0.4524833812303477,-0.4530615104749671
652,-2.5999055054854727,-2.2586508525977487,-2.6062793209341466,-2.264835829337219,2.264835829337219,-0.33506967614825367,-0.34144349159692755,-0.34125465288772405
659,-2.5020879247024594,-2.2739796200400644,-2.5212600950139503,-2.2922295846766074,2.292229584676608,-0.20985834002585158,-0.22903051033734245,-0.2281083046623953
665,-2.4514523427112733,-2.3359623411986807,-2.432759850788452,-2.3156769069523473,2.315676906952347,-0.13577543575892648,-0.11708294383610518,-0.11549000151259242
672,-2.375849464224153,-2.370656858845965,-2.3435891039288146,-2.3362223890913727,2.3362223890913727,-0.0396270751327803,-0.00736671483744189,-0.005192605378187901
679,-2.215064698485654,-2.316186060121951,-2.256348059290741,-2.354825459070827,2.354825459070827,0.13976076058517295,0.0984773997800863,0.10112136163629683
686,-2.1111496095198605,-2.313114855668238,-2.172996409848455,-2.3719757237142725,2.3719757237142725,0.26082611419441193,0.19897931386581735,0.20196524614837785
692,-2.0733796805221747,-2.3694459777995824,-2.0946879551461173,-2.3875643906413835,2.3875643906413835,0.3141847101192088,0.2928764354952662,0.2960662972774076
699,-2.0458230632677745,-2.428215224202363,-2.021868138921861,-2.4010085714361766,2.4010085714361766,0.3551855081684021,0.3791404325143155,0.3823921609345886
706,-2.00385713181239,-2.4640252157515503,-1.9545277449570702,-2.411520896692675,2.4115208966926756,0.40766376488028566,0.4569931517356054,0.46016808393916064
713,-1.944347325397664,-2.473228055580155,-1.8924597955784033,-2.418371204302857,2.418371204302857,0.47402387890519293,0.5259114087244536,0.5288807301824909
721,-1.7742872933146638,-2.36255891737342,-1.8353938121639892,-2.421014713883337,2.4210147138833378,0.6467274205686739,0.5856209017193486,0.5882716240587562
728,-1.762887657597192,-2.401208327452512,-1.7829636210522817,-2.4190436453901603,2.4190436453901603,0.6561559877929684,0.6360800243378786,0.6383206698553201
735,-1.6982475595555189,-2.3774667210330804,-1.7345603121281894,-2.4120151431404597,2.4120151431404593,0.7137675835849404,0.6774548310122699,0.6792191614775616
742,-1.6873562061253606,-2.398693016324531,-1.6891856203944489,-2.3992724425396124,2.399272442539612,0.7119162364142513,0.710086822145163,0.7113368101991704
750,-1.651833217120937,-2.387015836569508,-1.6454246413001299,-2.3798801828544116,2.379880182854411,0.7280469657334743,0.7344555415542813,0.7351826194485713
757,-1.6465694635755914,-2.397932829963282,-1.6016010319124756,-2.3527392319486897,2.3527392319486893,0.7061697683730979,0.7511382000362137,0.7513633663876904
765,-1.5564581195686116,-2.316998441473553,-1.5560899465503457,-2.3168585908237547,2.316858590823755,0.7604004712551435,0.7607686442734094,0.7605403219049416
773,-1.5170461018087305,-2.2804352084745667,-1.5076851635491089,-2.271683137766305,2.2716831377663045,0.754637035957574,0.7639979742171956,0.7633891066658363
780,-1.4482010393484457,-2.208763554593139,-1.4558824759064497,-2.2173414510473606,2.217341451047361,0.7691404116989153,0.7614589751409113,0.7605625152446929
788,-1.4114184470588529,-2.1640778686733158,-1.400966417746795,-2.154702697414269,2.154702697414269,0.743284250355416,0.7537362796674738,0.752659421614463
796,-1.3489151280622182,-2.0891170510549504,-1.34386031884387,-2.0852041419229055,2.0852041419229055,0.7362890138606872,0.7413438230790355,0.7402019229927319
804,-1.3281397043325387,-2.051760171697559,-1.28578905748988,-2.0104997777788594,2.01049977777886,0.6823600734463211,0.7247107202889798,0.7236204673650204
812,-1.1492272615384005,-1.8524760433500869,-1.2278728762058324,-1.9320490738194085,1.9320490738194087,0.7828218122810082,0.7041761976135763,0.7032487818116864
820,-1.1448297512111452,-1.824157993258278,-1.1707924795933013,-1.8507861624311777,1.8507861624311772,0.705956411220032,0.6799936828378759,0.6793282420471329
828,-1.1414994469732764,-1.7935207651499254,-1.1146337533043433,-1.7669773742296946,1.7669773742296941,0.6254779272564177,0.6523436209253508,0.652021318176649
837,-1.0556101349148814,-1.6770432116673248,-1.0589501093044387,-1.6803041778247274,1.6803041778247272,0.6246940429098458,0.6213540685202885,0.6214330767524435
845,-1.0206665767800511,-1.6083061201207973,-1.0030006693887559,-1.5901283250526617,1.5901283250526617,0.5694617482726105,0.5871276556639058,0.5876395433407462
853,-0.951493294295092,-1.5022136935667878,-0.9460642563798201,-1.4958373694515386,1.4958373694515383,0.5443440751564463,0.5497731130717183,0.5507203992716957
862,-0.9015227812763315,-1.4123174868809412,-0.8877122952209311,-1.3971515646469757,1.3971515646469757,0.4956287833706442,0.5094392694260446,0.5107947056046098
871,-0.819229155723476,-1.2872859503505787,-0.8279504711229457,-1.294299713279564,1.294299713279564,0.47507055755608796,0.4663492421566182,0.46805679462710265
879,-0.7919367958536152,-1.2147466458115128,-0.7671947901087188,-1.1880272782601806,1.1880272782601808,0.39609048240656564,0.420832488151462,0.42280984995789755
888,-0.6812023216850694,-1.056697301747108,-0.7061082805008878,-1.079460732968494,1.0794607329684944,0.398258411283425,0.3733524524676066,0.3754949800620384
897,-0.601857984844541,-0.9285718846563176,-0.6453675249186663,-0.9698952763697515,0.9698952763697515,0.3680372915252105,0.32452775145108514,0.3267138998117765
906,-0.6086270046607627,-0.88586983364378,-0.5854414704169417,-0.8605866135445144,0.8605866135445144,0.2519596088837517,0.27514514312757266,0.2772428289830174
915,-0.557248103481016,-0.7852847886745251,-0.5264499241693004,-0.7526128815344038,0.7526128815344039,0.1953647780533878,0.2261629573651035,0.22803668519350903
924,-0.43057893614696424,-0.6108014487407815,-0.4681374693908643,-0.6468416299326174,0.6468416299326176,0.21626269378565338,0.1787041605417533,0.18022251259381725
933,-0.4233246192888729,-0.5584065047528444,-0.409964131057174,-0.5440029200096703,0.5440029200096703,0.12067830072079744,0.13403878895249632,0.13508188546397154
943,-0.34881868368230257,-0.4428412679704049,-0.35128665877575027,-0.44484273189540824,0.4448427318954083,0.09602404821310573,0.09355607311965802,0.09402258428810231
952,-0.31072677129160947,-0.3692673419736119,-0.2915862833159263,-0.35031344389600116,0.3503134438960011,0.03958667260439164,0.05872716058007482,0.05854057068200243
962,-0.2268620679315841,-0.2570355406340053,-0.23068781046323888,-0.26174770656574753,0.2617477065657475,0.034885638634163385,0.03105989610250859,0.030173472702421236
971,-0.16188469316174148,-0.17233272338423725,-0.16891031214165822,-0.18095791734682298,0.18095791734682296,0.019073224185081478,0.012047605205164735,0.010448030222495764
981,-0.09407184489148258,-0.09489524220574276,-0.10709483198877873,-0.11020905354260577,0.11020905354260577,0.016137208651123183,0.00311422155382704,0.0008233973142601717
991,-0.10756275949698298,-0.11019625148518765,-0.04647556227685534,-0.052033940094085004,0.052033940094085004,-0.05552881940289797,0.005558377817229662,0.002633491988204675
1001,0.011891610490193109,-0.005139254878517515,0.011599430534714555,-0.008899794399075425,0.008899794399075423,0.020791404889268533,0.02049922493378998,0.017030865368710624
1011,0.11073058234493607,0.0657953900494629,0.06604065450378413,0.017213909171647168,-0.017213909171647175,0.0935166731732889,0.048826745332136955,0.04493519229547317
1021,0.15073719687854464,0.06374818196875394,0.11638035515842221,0.0252211773352444,-0.025221177335244392,0.12551601954330024,0.09115917782317781,0.0869890149097907
1031,0.17760677001465033,0.03408359322989171,0.16300692542966966,0.015197045424568805,-0.015197045424568806,0.16240972459008152,0.14780988000510084,0.14352317678475862
1041,0.20851350732076576,-0.0060204285436266936,0.20717752864397038,-0.011588001817822425,0.011588001817822425,0.2201015091385882,0.2187655304617928,0.21453393586439246
1052,0.24363668120562196,-0.05603650430588228,0.2507825234535653,-0.05289451428894759,0.05289451428894759,0.2965311954945695,0.30367703774251287,0.29967318551150424
1062,0.28314261147317993,-0.11511001346776606,0.2959196271038888,-0.10594427565951994,0.10594427565951997,0.3890868871326999,0.4018639027634088,0.398252624940946
1073,0.3214910215616355,-0.18777083334073147,0.34440399903426666,-0.1679281089586733,0.1679281089586733,0.48941913052030883,0.5123321079929399,0.509261854902367
1084,0.3566479644338942,-0.27475200372912995,0.39736337777282216,-0.23644153872711943,0.23644153872711948,0.5930895031610137,0.6338049164999416,0.6313999681630241
1094,0.41024368698473596,-0.3528754495816066,0.45503512011127645,-0.30973017434216465,0.30973017434216465,0.7199738613269007,0.7647652944534411,0.7631191365663426
1105,0.5845612085914911,-0.3181171155409437,0.5168089049388078,-0.3866991545789177,0.3866991545789177,0.9712603631704088,0.9035080595177255,0.9026783241324348
1116,0.6483755776575626,-0.3998290912411646,0.5814768500066658,-0.4667224898890856,0.4667224898890855,1.115098067546648,1.0481993398957514,1.0482046688987272
1128,0.6018851043766269,-0.5958744050162841,0.6475950474267715,-0.5493454876534571,0.5493454876534573,1.151230592030084,1.1969405350802287,1.197759509392911
1139,0.676712683119264,-0.6726933137064339,0.7138448787132883,-0.6339888449981599,0.6339888449981601,1.3107015281174241,1.3478337237114484,1.349405996825698
1150,0.7767146050446974,-0.724560321917511,0.7793056652281367,-0.7197397170104249,0.7197397170104248,1.496454322055122,1.4990453822385614,1.5012749269622083
1162,0.8824192655527339,-0.7692064456105352,0.8435926494473709,-0.8052727175380381,0.8052727175380383,1.6876919830907722,1.6488653669854092,1.651625711163269
1173,0.9398298439843203,-0.8590696838615929,0.9068537083951271,-0.8889046600878063,0.8889046600878059,1.8287345040721261,1.795758368482933,1.7988995278459132
1185,0.9596651903847859,-0.9820969504198889,0.9696426402639091,-0.968762817113588,0.9687628171135881,1.9284280074983742,1.9384054573774971,1.9417621408046748
1197,0.9872068784951343,-1.0919276694810947,1.0326990519720496,-1.0430348314026796,1.0430348314026794,2.0302417098978136,2.075733883374729,2.079134547976229
1209,1.079355201582744,-1.1308549233415675,1.0966761403821577,-1.110257791571027,1.110257791571027,2.189612993153771,2.2069339319531847,2.2102101249243113
1221,1.2144771597545314,-1.1199806501639307,1.1618750198961925,-1.1695873311793101,1.16958733117931,2.3840644909338415,2.331462351075502,2.334457809918462
1233,1.2410602020181185,-1.2105513643093728,1.228061003609831,-1.220971587212111,1.220971587212111,2.4620317892302293,2.449032590821942,2.4516115663274913
1246,1.2456439589558743,-1.316003166593177,1.2944359714674056,-1.2651568387093277,1.2651568387093275,2.510800797665202,2.559592810176733,2.5616471255490514
1258,1.3052047903552548,-1.3595429159860246,1.359805860956319,-1.3034873946550118,1.3034873946550114,2.6086921850102662,2.6632932556113307,2.6647477063412794
1271,1.446092343543815,-1.3151685948639835,1.422913953243519,-1.3375312146221967,1.3375312146221965,2.7836235581660116,2.760445167865716,2.7612609384077986
1283,1.5359007964563989,-1.3157489492437522,1.4828331157996044,-1.3686406790222319,1.3686406790222319,2.9045414754786307,2.8514737948218363,2.851649745700151
1296,1.549492479512074,-1.3869476294232075,1.5392631489531896,-1.397605207216483,1.3976052072164833,2.947097686728557,2.936868356169673,2.9364401089352814
1309,1.6470646155940778,-1.3691042320211468,1.5925971267739665,-1.4245347791624123,1.4245347791624126,3.0715993947564906,3.0171319059363793,3.0161688476152246
1322,1.6478943004282565,-1.443440079445196,1.6437081724683325,-1.449025796170871,1.449025796170871,3.0969200965991277,3.0927339686392035,3.0913343798734525
1335,1.6437069344748283,-1.5186463078745136,1.6935320846694426,-1.4705365065443732,1.4705365065443734,3.1142434410192017,3.164068591213816,3.162353242349342
1349,1.6677155837293332,-1.561809125304627,1.7426235446932021,-1.4887965286609508,1.488796528660951,3.156512112390284,3.231420073354153,3.22952470903396
1362,1.770115573187896,-1.5228897657022342,1.7908902187943843,-1.5040479207932052,1.5040479207932054,3.274163493981101,3.2949381395875896,3.29300533889013
1376,1.8321017138158575,-1.5206929217596639,1.8376392784314364,-1.5169844518112428,1.516984451811242,3.3490861656270994,3.3546237302426785,3.3527946355755214
1390,1.9319044406547652,-1.4768279383510088,1.881932344073027,-1.5283936088186256,1.528393608818626,3.4602980494733915,3.410325952891653,3.408732379005774
1404,2.0049753749013104,-1.4555320790271127,1.9231022591730773,-1.5386478310429417,1.5386478310429417,3.543623205944252,3.461750090216019,3.460507453928423
1418,2.0148955832203166,-1.492781817246239,1.9612073659787508,-1.5472685771545636,1.5472685771545633,3.5621641603748797,3.5084759431333143,3.5076774004665556
1432,1.9723499742250141,-1.577347337227294,1.99722254180178,-1.552762692907454,1.5527626929074543,3.5251126671324684,3.549985234709234,3.549697311452308
1446,1.9726638351669952,-1.6132923994539612,2.032877371119187,-1.552818969482524,1.5528189694825238,3.525482804649519,3.585696340601711,3.5859562346209564
1461,1.9926410481781005,-1.6231778379429311,2.070196455958659,-1.5448078120455613,1.5448078120455617,3.5374488602236625,3.6150042680042205,3.6158188861210316
1475,2.1009324822139157,-1.5377377928306144,2.1109092887850123,-1.526414302528634,1.526414302528634,3.62734678474255,3.6373235913136464,3.63867027504453
1490,2.2008451319088294,-1.4531156254717406,2.1559324734963434,-1.496199500683791,1.4961995006837914,3.697044632592621,3.6521319741801346,3.65396075738057
1505,2.2284336144997323,-1.4328155193540661,2.2050811519056044,-1.4539308087293445,1.4539308087293445,3.682364423229077,3.659011960634949,3.6612491338537985
1520,2.273086567603789,-1.3871550040864462,2.2570712145174303,-1.4006176766788139,1.4006176766788139,3.673704244282603,3.657688891196244,3.6602415716902352
1535,2.263648487790729,-1.3871759685407525,2.3097748010120194,-1.3382882742585474,1.3382882742585474,3.6019367620492764,3.6480630752705667,3.6508244563314816
1550,2.3329618441328246,-1.3001278030192651,2.3606236028971246,-1.2696111032000128,1.2696111032000126,3.6025729473328374,3.630234706097137,3.6330896471520897
1566,2.400382651865212,-1.2069683967781968,2.4070307000163025,-1.197489713435387,1.1974897134353872,3.5978723653005993,3.6045204134516897,3.607351048643409
1582,2.4648145428601542,-1.1093373248581067,2.446717784115495,-1.124743002010773,1.124743002010773,3.589557544870927,3.5714607861262677,3.574151867718261
1597,2.5275676592646605,-1.006694718207891,2.47787892949715,-1.0539397062790479,1.0539397062790479,3.5815073655437084,3.531818635776198,3.5342623774725515
1613,2.5380329117173672,-0.950635530761347,2.4991736820976347,-0.9873945116875207,0.9873945116875209,3.525427423404888,3.4865681937851556,3.488668442478714
1629,2.4672738635312546,-0.9712775825397348,2.5096108064761697,-0.9272650085417247,0.9272650085417248,3.3945388720729794,3.4368758150178946,3.4385514460709894
1646,2.5243405106351315,-0.8609200675636282,2.5084423066942594,-0.8756307863700461,0.8756307863700461,3.3999712970051776,3.3840730930643055,3.3852605781987597
1662,2.4923245938937533,-0.8379541226529539,2.495208051726522,-0.8344155103526376,0.8344155103526377,3.326740104246391,3.32962356207916,3.330278716546707
1679,2.4304192954547656,-0.8447640194065089,2.4700279883736873,-0.8050563780978707,0.8050563780978707,3.2354756735526364,3.275084366471558,3.2751833148612746
1696,2.445107159668784,-0.7764966923312637,2.434125904875756,-0.7879385164715784,0.7879385164715783,3.2330456761403625,3.2220644213473344,3.221603852000048
1713,2.4682297015057326,-0.7029477466925438,2.39041806643694,-0.7817626001909799,0.7817626001909799,3.2499923016967127,3.17218066662792,3.1711774481982764
1730,2.376197128647545,-0.7493071469898585,2.3438786808793126,-0.7831353600806347,0.7831353600806347,3.1593324887281797,3.1270140409599474,3.1255042756374034
1747,2.3717239263657883,-0.7143804215852216,2.3013772564024984,-0.7866895171251801,0.7866895171251801,3.1584134434909683,3.0880667735276783,3.08610434795101
1764,2.2886493455129737,-0.7657278511518149,2.270812759293343,-0.7859097589167052,0.7859097589167052,3.074559104429679,3.0567225182100484,3.0543771966647886
1782,2.148809270241046,-0.882756557582459,2.2596214958772896,-0.7745892440303447,0.7745892440303449,2.923398514271391,3.0342107399076346,3.031565827823505
1800,2.1659722272915167,-0.8527539785541465,2.2730158787370427,-0.7485607321295966,0.7485607321295967,2.9145329594211136,3.0215766108666395,3.018726205845663
1818,2.190104871169392,-0.8265984602667866,2.312493868190861,-0.7071636196798378,0.7071636196798377,2.8972684908492297,3.0196574878706985,3.0167033314361786
1836,2.296044703514587,-0.7300700708512973,2.3751450456948247,-0.6539217752153051,0.6539217752153051,2.949966478729892,3.02906682091013,3.026114774365884
1854,2.4775706025139845,-0.5697716773188075,2.454050740850585,-0.5961353510669345,0.5961353510669345,3.073705953580919,3.0501860919175194,3.047342279832792
1873,2.6043371408358325,-0.47619465659231297,2.539712395465158,-0.5434527051990756,0.5434527051990755,3.147789846034908,3.0831651006642335,3.0805317974281454
1892,2.7339926357004,-0.3916093473547746,2.6220905291999195,-0.50584007867477,0.5058400786747701,3.2398327143751704,3.1279306078746894,3.1256019830551747
1911,2.7995142681477767,-0.3827466316967061,2.6926417404308136,-0.49156127898854324,0.4915612789885431,3.29107554713632,3.184203019419357,3.182260899844483
1930,2.7591765257594045,-0.4908537819573988,2.745779437004262,-0.5057410225069979,0.505741022506998,3.2649175482664026,3.25152045951126,3.2500303077168033
1949,2.755646351777537,-0.5726302362950557,2.7794283305029452,-0.5498409173241366,0.5498409173241366,3.3054872691016737,3.329269247827082,3.3282765880725926
1969,2.7663177958745218,-0.6499292257635974,2.794679771990398,-0.6220397091242452,0.6220397091242453,3.3883575049987673,3.4167194811146437,3.416247021638119
1988,2.773200314509604,-0.7399095260092787,2.794840359388439,-0.7182237828060822,0.7182237828060822,3.491424097315686,3.5130641421945215,3.5131098405188825
2008,2.7714521988896923,-0.8465440305392105,2.7842936508598273,-0.8331662867221613,0.8331662867221613,3.6046184856118537,3.6174599375819887,3.6179962294289028
2028,2.770635247811475,-0.9594070348935104,2.7675414213693115,-0.9615264968299411,0.9615264968299408,3.7321617446414157,3.7290679181992523,3.7300422827049853
2048,2.8023034811204703,-1.0461253616773742,2.748615357455571,-1.0984765252320976,1.0984765252320978,3.9007800063525684,3.8470918826876686,3.8484288427978446
2069,2.7677714375335998,-1.2046457417307743,2.7308528558939704,-1.2399597567093257,1.2399597567093257,4.0077311942429255,3.970812612603296,3.972417179264374
2090,2.6725797517721066,-1.4287988635568283,2.716899920988608,-1.3827162295658708,1.3827162295658708,4.055295981337977,4.099616150554479,4.101378615328935
2111,2.650581735488779,-1.5842347428447408,2.708777124388745,-1.52423748189436,1.5242374818943596,4.174819217383138,4.233014606283104,4.23481647833352
2132,2.6678215000940515,-1.7045576343502304,2.7079006620062325,-1.662757691917998,1.6627576919179985,4.33057919201205,4.370658353924231,4.372379134444282
2153,2.7256981740667934,-1.7881651742301399,2.715034046708037,-1.7973049032630295,1.7973049032630293,4.523003077329823,4.512338949971067,4.513863348296933
2175,2.7571273321202803,-1.9020804305080699,2.7302054232656308,-1.9277772083891995,1.9277772083891995,4.68490454050948,4.65798263165483,4.65920776262835
2196,2.761412263899084,-2.0470646239303374,2.752640969926205,-2.054993848652816,2.054993848652816,4.8164061125519,4.807634818579022,4.808476887829421
2218,2.7710903931432966,-2.1907461947309947,2.7807486228639067,-2.1806879778132617,2.1806879778132613,4.951778370956558,4.9614366006771675,4.961836587874291
2240,2.7823729517675293,-2.3371496568365338,2.8121663896912064,-2.307428324901112,2.307428324901113,5.089801276668642,5.119594714592319,5.119522608604063
2263,2.8227009346269765,-2.4591032364404195,2.8438869133279274,-2.4384600371839547,2.438460037183954,5.261160971810931,5.282346950511881,5.281804171067396
2285,2.9141259075182155,-2.534819106610472,2.872484244548711,-2.5774410133290586,2.577441013329059,5.491566920847275,5.44992525787777,5.448945014128688
2308,2.887023802904917,-2.734140677401766,2.8944797350761458,-2.728039268081488,2.728039268081488,5.615063070986405,5.622519003157634,5.621164480306683
2331,2.8859474260576405,-2.9126538536373054,2.9068668638707433,-2.8933739930457145,2.8933739930457145,5.779321419103355,5.800240856916458,5.798601279694946
2355,2.9453207520069866,-3.035961672465637,2.9077610517211516,-3.075336590931171,3.0753365909311707,6.020657342938158,5.983097642652322,5.9812824244726235
2378,2.958412620601212,-3.210686887884203,2.897064819329682,-3.273903350981658,3.2739033509816586,6.232315971582871,6.17096817031134,6.169099508485415
2402,2.9790157301813665,-3.38277829535319,2.876971129291044,-3.48661849026437,3.4866184902643704,6.465634220445737,6.363589619555414,6.361794025534556
2426,2.8231758507773783,-3.7357769585892386,2.8521020805715884,-3.7084513793068203,3.7084513793068212,6.531627230084199,6.56055345987841,6.558952809366617
2450,2.793259922507584,-3.9667540527163707,2.8291197720880055,-3.932191462564511,3.9321914625645116,6.725451385072096,6.761311234652517,6.760013975223955
2475,2.781224135452573,-4.183058863541271,2.8157532174597417,-4.149436622123793,4.149436622123792,6.930660757576366,6.965189839583534,6.964282998993845
2500,2.8088479644398396,-4.362109872044837,2.819338096933215,-4.352077145442934,4.352077145442934,7.160925109882774,7.171415242376149,7.170957836484677
2525,2.792232268060113,-4.5869290491736985,2.8451259319714377,-4.534017037565249,4.534017037565249,7.326249305625362,7.379142969536687,7.3791613172338115
2550,2.8379222848916417,-4.750056210035654,2.8947402398753694,-4.692752934707092,4.692752934707091,7.5306752195987325,7.587493174582461,7.587978494927295
2575,2.914000314936713,-4.88249592713533,2.965195309207967,-4.830392429571741,4.830392429571741,7.7443927445084535,7.795587738779707,7.796496242072043
2601,2.9706550115669037,-5.0331871607880165,3.048817727428069,-4.953768942490615,4.9537689424906155,7.924423954057519,8.002586669918685,8.00384217235492
2627,3.069555437406281,-5.139664540473818,3.1342210291914987,-5.073500043709241,5.073500043709241,8.143055481115521,8.207721072900739,8.2092199778801
2653,3.2310313539791817,-5.180907128825245,3.2082177214201875,-5.202102448866912,5.202102448866912,8.433133802846093,8.410320170287099,8.411938482804427
2680,3.4425609568741566,-5.168871170380017,3.2582805775554946,-5.351549661650768,5.351549661650766,8.794110618524922,8.60983023920626,8.611432127254174
2707,3.4030907567792514,-5.404180420721852,3.2749710010863526,-5.53085287612809,5.5308528761280895,8.93394363290734,8.805823877214442,8.807271177501104
2734,3.300887781326121,-5.698272888541883,3.2537085453579806,-5.744290130740903,5.683951532210892,8.984839313537012,8.937660077568871,8.999160669868004
2761,3.2522016799601636,-5.9347262064724,3.1953926097660146,-5.9907725126438685,5.80189310277614,9.054094782736303,8.997285712542155,9.186927886432564
2789,3.091591177286652,-6.278907796238041,3.1056754850412225,-6.264548819314192,5.888148825807282,8.979740003093934,8.993824310848504,9.370498973524693
2817,2.9006359610044377,-6.6492301305335815,2.993044475528038,-6.557092257091091,5.945958123973294,8.846594084977731,8.939002599501332,9.54986609153802
2845,2.8387045525468526,-6.886342618393202,2.8661978207463443,-6.859686405366962,5.983041046019612,8.821745598566466,8.849238866765957,9.725047170940055
2873,2.6454612970682163,-7.25057959919063,2.7314045639002655,-7.166022763457778,5.999999999859591,8.645461296927808,8.731404563759856,9.896040896258846
2902,2.506028808116937,-7.556751100604057,2.5905692509393026,-7.474091809450161,5.999999999814356,8.506028807931292,8.590569250753658,10.062779908720994
2931,2.402894942046352,-7.822190442374465,2.4405738520838396,-7.786798151235568,5.999999999755222,8.402894941801573,8.440573851839062,10.225085384420817
2960,2.3188058240073843,-8.063820274105993,2.2741785722209213,-8.111021035946683,5.999999999678133,8.318805823685517,8.274178571899053,10.382626098113377
2990,2.1686536225962776,-8.366231205980315,2.0823908718661777,-8.455213595112596,5.999999999573946,8.168653622170224,8.082390871440124,10.534884828576592
3020,1.938519703993073,-8.742614816001257,1.85782833805428,-8.826017475878267,5.999999999437614,7.938519703430687,7.8578283374918945,10.68113451999433
3050,1.6023868487607371,-9.21803916965735,1.5982829493969894,-9.224687049375792,5.99999999925969,7.602386848020427,7.59828294865668,10.820426018418088
3080,1.454048405664352,-9.4975400911333,1.3095212990686278,-9.644289708697194,5.999999999028093,7.454048404692445,7.309521298096721,10.951588496797653
3111,1.253347808836061,-9.819895107910941,1.0063952207754934,-10.06860817066118,5.999999998715982,7.253347807552043,7.006395219491475,11.073242916747002
3142,0.7979058561853699,-10.385922247688052,0.7116256311074863,-10.473381602246985,5.9999999983083185,6.797905854493688,6.7116256294158045,11.183828103873422
3174,0.34132752649246534,-10.940310762038907,0.4521373442494817,-10.83000676601171,5.999999997757683,6.341327524250148,6.452137342007164,11.281638288531372
3206,-0.026836787912017653,-11.391707120922682,0.25346439269525095,-11.111178002749288,5.999999997036211,5.973163209124193,6.2534643897314615,11.364870333010664
3238,-0.2427641345952036,-11.674442503094854,0.13334588552415375,-11.297343895899912,5.999999996093441,5.757235861498238,6.133345881617595,11.43167836849965
3270,-0.15841581003699362,-11.638649039160013,0.09600128728321625,-11.382489284274161,5.999999994864748,5.841584184827754,6.096001282147964,11.48023322912302
3303,0.06738572324252882,-11.441398187933387,0.12856919907706177,-11.37775592895745,5.999999993210628,6.067385716453157,6.12856919228769,11.508783911175916
3336,0.06921732058163604,-11.446500984737943,0.20078117764218037,-11.311827690595768,5.999999991048583,6.069217311630219,6.200781168690763,11.515718305319579
3369,0.2004390443794098,-11.299181592029578,0.2682206507943295,-11.227727711707637,5.999999988230117,6.200439032609527,6.268220639024447,11.499620636408988
3403,0.29039585505551463,-11.168927521336578,0.2786986383804143,-11.176493744228331,5.999999984438797,6.290395839494312,6.278698622819212,11.459323376392092
3437,0.529261729956268,-10.864690106998482,0.1806082397652402,-11.208867911572712,5.999999979483247,6.529261709439515,6.180608219248487,11.39395183695475
3471,0.38276291601839857,-10.92019724406014,-0.0682238344401543,-11.366481346315044,5.999999973023096,6.382762889041494,5.931776138582942,11.302960160078538
3506,-0.024344857868673072,-11.210502820488504,-0.4926450023276882,-11.673989233781798,5.999999964341592,5.975655106472919,5.507354962013904,11.18615796261983
3541,-0.9906877861585687,-12.034415197697966,-1.0944029335583545,-12.133315069147036,5.999999952996724,5.009312166838155,4.905597019438369,11.043727411539397
3576,-1.6237135560368454,-12.499944525309571,-1.8492557574577426,-12.720769957603354,5.99999993821055,4.376286382173705,4.150744180752808,10.876230969272726
3612,-2.590930808736072,-13.275541229161545,-2.7073989445439532,-13.3874800221262,5.999999918362888,3.4090691096268158,3.2926009738189346,10.684610420425473
3648,-3.5319270344341938,-14.002105081776575,-3.597416568604198,-14.063330346814668,5.999999892437424,2.4680728580032305,2.4025833238332264,10.470178047342381
3685,-4.506637712196686,-14.741238662532844,-4.433753365054759,-14.664422720429314,5.999999857591355,1.493362145394669,1.566246492536596,10.234600950336159
3721,-5.039058805126636,-15.01893831308315,-5.127343568977623,-15.103684024492665,5.999999813384084,0.9609410082574481,0.8726562444064614,9.979879507956515
3759,-5.736770698278475,-15.445091553614292,-5.598418963664497,-15.303648462852761,5.999999752452863,0.26322905417438847,0.4015807887883662,9.708320855335817
3796,-6.929252254888265,-16.351760302427024,-5.789716605794136,-15.209634688242193,5.999999674948803,-0.9292525799394618,0.21028306915466732,9.422508047538761
3834,-6.160963414160209,-15.286228716502128,-5.677585152446938,-14.800817106118714,5.999999571206117,-0.16096384295409205,0.32241441875917864,9.12526530234192
3873,-5.861677124201862,-14.68129654648957,-5.278236933095227,-14.096438606957058,5.999999431830885,0.1383223076290223,0.7217624987356581,8.819619422287706
3911,-5.070553137516283,-13.57931035908109,-4.646939535450504,-13.154958373425336,5.99999925459137,0.929446117075087,1.353059719140866,8.508757221564807
3950,-3.732452490947418,-11.928431062457081,-3.869355717441087,-12.065343285429641,5.999999017734475,2.267546526787057,2.130643300293388,8.195978571509663
3990,-2.6444531337857637,-10.52909770094442,-3.0462217226493014,-10.931692637700923,5.9999987000902255,3.3555455663044618,2.953776977440924,7.884644567158658
4030,-1.9055481201066105,-9.483668456440148,-2.2745000642568467,-9.854331918924089,5.999998284527816,4.094450164421206,3.7254982202709694,7.578120336333537
4070,-0.6854073665243162,-7.965119547742849,-1.6293646013847962,-8.911733347139695,5.999997742310093,5.314590375785777,4.370633140925297,7.279712181218533
4111,-0.3573403165759465,-7.349939382272915,-1.1513749197312397,-8.147620369972024,5.999997016566146,5.6426566999902,4.848622096834907,6.992599065696968
4152,-0.5325083248735022,-7.252267255186366,-0.8418914447482678,-7.566308208503807,5.9999960684191835,5.467487743545681,5.158104623670916,6.719758930312864
4193,-0.7438025401711846,-7.207693445872778,-0.6675610248562609,-7.137111401570297,5.999994832978394,5.256192292807209,5.332433808122133,6.463890905701593
4235,-1.0294662468534383,-7.256801412193646,-0.5722785819888654,-6.8062257908466375,5.999993182728351,4.970526935874912,5.427714600739485,6.227335165340207
4278,-1.1519407368031374,-7.163933594614213,-0.49316669557666093,-6.512629299797466,5.930044750651062,4.7781040138479245,5.436878055074401,6.011992857811076
4321,-0.5838171269549458,-6.403066353717776,-0.3763376045751133,-6.203769092374769,5.779609150268579,5.195792023313633,5.403271545693466,5.81924922676283
4364,-0.3593124132134626,-6.0092160111645025,-0.1886450256322595,-5.847246123389991,5.55108214372003,5.191769730506567,5.362437118087771,5.64990359795104
4407,0.012965264889196308,-5.491145057075443,0.07696384145720567,-5.436111389435161,5.263060674241299,5.276025939130495,5.340024515698504,5.50411032196464
4451,0.30501160997787485,-5.076323338961634,0.4030291665805254,-4.987244929891384,4.924596522458537,5.229608132436412,5.3276256890390625,5.381334948939509
4496,0.6873682583311372,-4.592961570832697,0.754863114707808,-4.534050585894673,4.534050585894672,5.221418844225809,5.28891370060248,5.2803298291638345
4541,1.0904515361416198,-4.108681412169484,1.0910656417763749,-4.11594267517875,4.11594267517875,5.20639421132037,5.2070083169551244,5.199132948311104
4586,1.613863628743644,-3.5212294766325547,1.3742982310030014,-3.767600652508332,3.7676006525083325,5.381464281251977,5.141898883511334,5.135093105376199
4632,2.0591401492076447,-3.0257833860656707,1.5796093193150136,-3.5106997893832177,3.510699789383218,5.569839938590863,5.090309108698232,5.084923535273315
4679,2.1036812985176265,-2.941103502026176,1.6985065805480242,-3.3499232647096275,3.349923264709629,5.453604563227255,5.048429845257653,5.044784800543803
4725,1.9414598725570065,-3.0689364127493564,1.7382528966374373,-3.2737780332586226,3.2737780332586217,5.215237905815628,5.012030929896059,5.010396285306363
4773,1.4365888690934216,-3.540585129129985,1.7171949099686379,-3.2594031257016427,3.2594031257016423,4.6959919947950635,4.97659803567028,4.977173998223407
4820,1.2700873422009131,-3.670303383449858,1.657962917300059,-3.27952763221054,3.27952763221054,4.549614974411453,4.937490549510599,4.940390725650771
4868,1.1777587981687585,-3.717594180185383,1.5808060336134624,-3.309308816308448,3.3093088163084476,4.487067614477207,4.89011484992191,4.895352978354142
4917,1.3297137366434375,-3.5078740199635723,1.4990319015286662,-3.3310744823916436,3.331074482391644,4.660788219035082,4.83010638392031,4.83758775660701
4966,1.7437058585146183,-3.019325168467464,1.417599800872584,-3.335912881807921,3.3359128818079222,5.079618740322541,4.7535126826805065,4.763031026982082
5016,1.5324193380231108,-3.1357897180454524,1.334720478180957,-3.3222476940411614,3.322247694041161,4.854667032064272,4.656968172222118,4.668209056068563
5066,1.3188573703998454,-3.231546088414084,1.2452865549092649,-3.292566907666859,3.2925669076668593,4.611424278066705,4.537853462576124,4.550403458813929
5117,1.2199254955012575,-3.187865547928464,1.1444775985859026,-3.2499506779294234,3.249950677929424,4.4698761734306816,4.394428276515327,4.407791043429722
5168,0.983913539253699,-3.255636751731207,1.030106275104059,-3.1958274611875837,3.195827461187584,4.179741000441283,4.225933736291643,4.239550290984906
5220,0.8157115953930402,-3.2302159864934534,0.9030444882820967,-3.1296082602682023,3.1296082602682023,3.9453198556612423,4.032652748550299,4.0459275818864935
5272,0.6727168772560149,-3.1555411471196404,0.7660184742715747,-3.049911631756584,3.049911631756584,3.722628509012599,3.815930106028159,3.828258024375655
5325,0.5328716067321332,-3.056066262885845,0.6217628016087904,-2.9563785352613463,2.9563785352613463,3.4892501419934794,3.5781413368701367,3.588937869617978
5378,0.45643599349052094,-2.874911909069467,0.47169154837876326,-2.850928436514903,2.850928436514903,3.307364430005424,3.322619984893666,3.3313479025599877
5432,0.38948619207500107,-2.6702435514211924,0.31585835723795075,-2.737675012561824,2.737675012561823,3.127161204636824,3.0535333697997737,3.0597297434961934
5486,0.294169030110055,-2.48485050394614,0.15425204876272466,-2.6214722374448405,2.62147223744484,2.915641267554895,2.7757242862075646,2.779019534056195
5541,0.07055250091951853,-2.4240933593636638,-0.011216163944799495,-2.5057280593638613,2.505728059363862,2.5762805602833803,2.494511895419062,2.4946458602831822
5596,-0.11959332308432019,-2.3318941605517054,-0.1750597757032934,-2.39053149009925,2.3905314900992494,2.270938167014929,2.215471714395956,2.212300837467385
5652,-0.3024757973836802,-2.240170712315588,-0.32778382273672135,-2.2719816690818453,2.2719816690818453,1.969505871698165,1.944197846345124,1.9376949149319076
5709,-0.46499814875282297,-2.1413051961427283,-0.4570986531488629,-2.143159673837557,2.143159673837557,1.6781615250847342,1.6860610206886943,1.6763070473899053
5766,-0.732201902191658,-2.1653442506780487,-0.5505105444012692,-1.9964733161428339,1.9964733161428336,1.2642714139511755,1.4459627717415644,1.4331423484863908
5823,-0.751781912109207,-1.964291067161858,-0.5984473423128173,-1.8265667856013288,1.8265667856013283,1.0747848734921215,1.2281194432885112,1.2125091550526512
5882,-0.6804591109914354,-1.6982857021152573,-0.5968956990403007,-1.6327975352394264,1.6327975352394266,0.9523384242479912,1.035901836199126,1.0178265911238218
5940,-0.6438498314465394,-1.4953221042300235,-0.5488953060165065,-1.4204626155930404,1.4204626155930409,0.7766127841465015,0.8715673095765344,0.851472272783484
6000,-0.4956599530452425,-1.2103377725522695,-0.4640120329012989,-1.2003391418394322,1.2003391418394325,0.7046791887941899,0.7363271089381336,0.7146778195070269
6060,-0.2860536164276865,-0.8935310640742962,-0.3567185475008799,-0.9867712933937064,0.9867712933937068,0.7007176769660204,0.6300527458928269,0.6074774476466096
6120,-0.14397977603045925,-0.6726920297890799,-0.24353593247572197,-0.7949332954855072,0.7949332954855072,0.650953519455048,0.5513973630097853,0.5287122537586206
6182,-0.1250820167357673,-0.6011720178100162,-0.14036866843805906,-0.6382571857136585,0.6382571857136584,0.5131751689778912,0.49788851727559935,0.4760900010742488
6244,0.0813858774117247,-0.364911580267611,-0.06027851573358414,-0.5260073216124826,0.5260073216124828,0.6073931990242074,0.46572880587889864,0.4462974576793357
6306,0.04786556343350774,-0.3872941871933399,-0.0122846175260184,-0.46248448355968674,0.46248448355968663,0.5103500469931944,0.45019986603366824,0.43515975062684764
6369,-0.0001668564325551479,-0.4380057886551291,-0.0012346010546641084,-0.4470577405274825,0.4470577405274825,0.44689088409492733,0.4458231394728184,0.437838932222574
6433,-0.01569866688936544,-0.464760783257313,-0.027910614466775827,-0.47442675275009355,0.47442675275009355,0.4587280858607281,0.4465161382833177,0.4490621163679476
6497,-0.01642956477278895,-0.4797977834581843,-0.08928115771015134,-0.5353189255247843,0.5353189255247843,0.5188893607519953,0.446037767814633,0.46336821868539535
6562,-0.07908132574036836,-0.5544429021203608,-0.17951516042103652,-0.6179103688895999,0.6179103688895997,0.5388290431492313,0.43839520846856317,0.4753615763799925
6628,-0.16986532927276515,-0.6498258802606673,-0.2899405081016484,-0.7082731554846147,0.7082731554846147,0.5384078262118495,0.41833264738296627,0.47996055098790225
6694,-0.3144728255617952,-0.7871024410314051,-0.40990142186168865,-0.7920575240513092,0.7920575240513094,0.4775846984895142,0.3821561021896207,0.47262961546961
6761,-0.37501956187058466,-0.8246039153963809,-0.5287425981962284,-0.856398693566855,0.856398693566855,0.4813791316962704,0.3276560953706267,0.4495843535257963
6828,-0.7500652911663356,-1.1580254775610612,-0.6371378386032723,-0.8923224672282362,0.892322467228236,0.14225717606190047,0.2551846286249637,0.40796018639472564
6897,-0.9936546229051241,-1.3395920284595366,-0.7290761169870252,-0.8952662145031132,0.8952662145031132,-0.09838840840201091,0.16619009751608793,0.3459374055544126
6966,-0.9517604468726065,-1.2145775790141278,-0.8031584470675104,-0.8682541262225648,0.8682541262225647,-0.08350632065004182,0.06509567915505432,0.26281713214152125
7035,-1.0471773776882918,-1.2062224218053712,-0.8621488100164705,-0.818633726138263,0.8186337261382629,-0.22854365155002887,-0.04351508387820757,0.15904504411707948
7106,-1.0508220752207214,-1.0870040851505194,-0.9109396632847255,-0.7553370211115291,0.7553370211115292,-0.2954850541091921,-0.1556026421731963,0.036182009929798115
7177,-1.0702532087270882,-0.9670762569343574,-0.9559118379520342,-0.6892902286103784,0.6892902286103784,-0.3809629801167098,-0.2666216093416558,-0.10317695179273073
7249,-1.2088361286805087,-0.9533043404260747,-1.0017357785518755,-0.6278236922201804,0.6278236922201804,-0.5810124364603283,-0.37391208633169504,-0.255531788254434
7321,-1.1698959142156928,-0.7532469112316529,-1.0513747690530184,-0.5757742781746285,0.5757742781746285,-0.5941216360410644,-0.47560049087838996,-0.41664900298403995
7394,-1.0590147188500891,-0.4772463646286418,-1.1055543981509703,-0.53463407543015,0.53463407543015,-0.5243806434199392,-0.5709203227208204,-0.5817683542214473
7468,-1.21717051689844,-0.47133469975516207,-1.1637552363184809,-0.5041631304068562,0.48659857683505364,-0.7305719400633863,-0.6771566594834273,-0.7458358171432778
7543,-1.2301191671023473,-0.32636635062315156,-1.2248590877182586,-0.48314370187705963,0.4284582411186297,-0.8016609259837175,-0.7964008465996288,-0.9037528164791957
7618,-1.348499694824664,-0.29786874846782485,-1.2878656212197703,-0.47024330412150434,0.3610843303730218,-0.9874153644516421,-0.9267812908467485,-1.050630946356839
7694,-1.238859730457092,-0.056818741720654264,-1.3523467630375205,-0.46474739467482107,0.2927819860681602,-0.9460777443889319,-1.0595647769693604,-1.1820409887364378
7771,-1.2396191886486223,0.05462585037229939,-1.4186277620612697,-0.46661404529501177,0.23274123858799312,-1.006877950060629,-1.1858865234732767,-1.2942450390209217
7849,-1.4883787656713607,-0.10397780581950089,-1.4877276216004336,-0.4764325177469626,0.18105064803572105,-1.3073281176356397,-1.3066769735647126,-1.3844009598518598
7928,-1.6589295379240738,-0.20820032054315063,-1.5611994425814875,-0.4952235666984052,0.13805417896080208,-1.5208753589632718,-1.4231452636206854,-1.4507292173809232
8007,-1.9974630958255712,-0.504829690440461,-1.6409435587649857,-0.5241875784290757,0.10536972081690177,-1.8920933750086695,-1.5355738379480839,-1.4926334053851102
8087,-1.877802548664052,-0.3670351316300424,-1.7290698118995966,-0.5646143589598175,0.08025935343609714,-1.7975431952279548,-1.6488104584634995,-1.5107674170340095
8168,-1.5507742686293025,-0.04373001564985657,-1.8277865194321146,-0.6176629959989693,0.061029680348436706,-1.4897445882808658,-1.7667568390836779,-1.5070442529794459
8250,-1.5205297498983992,-0.03594593870489593,-1.939347922821236,-0.6843591210298356,0.04634197661695618,-1.474187773281443,-1.8930059462042799,-1.4845838111935032
8332,-2.0367259329717964,-0.5891263109557698,-2.0660130580732763,-0.765584582851909,0.03526434075856599,-2.0014615922132304,-2.0307487173147103,-1.4475996220160265
8415,-2.5770973096994343,-1.1758700265490094,-2.2099644656134405,-0.8620614193553267,0.026806467347474154,-2.55029084235196,-2.1831579982659663,-1.4012272831504249
8499,-2.6671977606859967,-1.315897555948629,-2.3732199772796694,-0.9743140066829923,0.020358719509516728,-2.64683904117648,-2.3528612577701526,-1.3513002047373677
8584,-3.460634108678313,-2.1565530423830195,-2.5574980549595656,-1.1026238833022568,0.015449767774367018,-3.4451843409039458,-2.5420482871851986,-1.3040810662952933
8670,-3.7431768264247967,-2.4772168531206633,-2.764065896703432,-1.2469630846518183,0.01171653227149161,-3.731460294153305,-2.7523493644319403,-1.2659599733041333
8757,-3.692483757439644,-2.4493512251268506,-2.9935897280531445,-1.4069298625581173,0.008880147600626389,-3.6836036098390177,-2.984709580452518,-1.2431325323127935
8845,-3.5430863353185726,-2.301813543381196,-3.246007821852869,-1.581702090618307,0.0067269512530536675,-3.536359384065519,-3.2392808705998153,-1.2412727919373765
8933,-3.1087227336570304,-1.843505646780833,-3.5204391417570045,-1.7700175791678434,0.0051094367091923925,-3.103613296947838,-3.515329705047812,-1.2652170868761974
9022,-2.7505063402334464,-1.4318311808075486,-3.815141361251332,-1.970184014910698,0.0038791186450355397,-2.746627221588411,-3.8112622426062965,-1.3186751594258979
9113,-2.1166675515291637,-0.7126831142372039,-4.127509655880534,-2.180119727230593,0.002934924144856409,-2.1137326273843073,-4.124574731735677,-1.4039844372919599
9204,-2.0574159178889997,-0.5354939383662121,-4.454106521927486,-2.3974024768273243,0.0022266293587698267,-2.05518928853023,-4.451879892568716,-1.5219219795227876
9296,-2.4961831960694902,-0.8245968204543477,-4.790750394439664,-2.6193472960708073,0.0016887603496851251,-2.494494435719805,-4.789061634089979,-1.6715863756151426
9389,-3.502235692108706,-1.6518768304726859,-5.132615070945396,-2.8430808150066698,0.0012804874066745244,-3.5009552047020316,-5.131334583538721,-1.8503588616360203
9483,-4.088506808400603,-2.0345575868757972,-5.474368280516227,-3.06562674548665,0.0009707040206317076,-4.087536104379971,-5.4733975764955956,-2.053949221524806
9577,-5.155741397327613,-2.8792135546956317,-5.810332770789448,-3.2839931617567033,0.000737869383394596,-5.155003527944219,-5.8095949014060535,-2.2765278426319817
9673,-5.914811337941028,-3.403870531310098,-6.13466959029431,-3.4952620797472886,0.0005591578704278178,-5.9142521800706005,-6.134110432423882,-2.5109408066309302
9770,-6.504672387997485,-3.755672020992435,-6.4415715387663885,-3.6966741895088453,0.0004236816631362217,-6.504248706334349,-6.441147857103252,-2.74900036700505
9868,-7.548781752905554,-4.5669428961415015,-6.725468204386236,-3.885712000405175,0.0003210030195761605,-7.548460749885978,-6.72514720136666,-2.981838856764053
9966,-8.112767106351349,-4.912456856316262,-6.98122625321132,-4.060171721231336,0.00024387534448866433,-8.112523231006861,-6.980982377866831,-3.200310250035087
10066,-8.596500056167152,-5.20107953949095,-7.204338070146187,-4.21822149404557,0.00018475381778948472,-8.596315302349362,-7.204153316328398,-3.395420516676202
10167,-8.926388741624049,-5.367622968463136,-7.39109051668031,-4.358442870038188,0.0001399658100984524,-8.926248775813951,-7.390950550870212,-3.5587657731609124
10268,-9.52874868649296,-5.84579247867768,-7.538703065260325,-4.479850705322473,0.00010632651911102187,-9.52864235997385,-7.538596738741214,-3.68295620781528
10371,-10.088536419180556,-6.326532477103552,-7.6454294945497026,-4.581890556264209,8.055638997905844e-05,-10.088455862790578,-7.6453489381597235,-3.7620039420770044
10475,-9.89359651062005,-6.101942104011564,-7.710619140724941,-4.6644138940569055,6.103742894403297e-05,-9.893535473191106,-7.710558103295997,-3.791654406608486
10579,-9.676235386379581,-5.906591977135358,-7.734733190938049,-4.727631157749456,4.6374864046683235e-05,-9.676189011515534,-7.734686816074002,-3.769643409244223
10685,-9.292590882986737,-5.596725160916594,-7.71931729350111,-4.772046621042498,3.514594957199079e-05,-9.292555737037166,-7.719282147551538,-3.6958657220701427
10792,-8.681093809339124,-5.108648290337439,-7.666932691885658,-4.798379315706644,2.6640183726556185e-05,-8.681067169155398,-7.666906051701932,-3.5724455190016853
10900,-7.952771604455314,-4.549067507692426,-7.581049679698423,-4.807475112217431,2.0196598114807784e-05,-7.952751407857199,-7.581029483100308,-3.4037040967628878
11009,-7.233034639457071,-4.037008926367991,-7.465910483916733,-4.800216658732043,1.531467405424536e-05,-7.233019324783017,-7.465895169242679,-3.19602571308908
11119,-6.712788294384657,-3.755160538672574,-7.326369217173845,-4.77743766266559,1.1615421156463414e-05,-6.7127766789635,-7.326357601752688,-2.9576277557120827
11230,-6.517451860253298,-3.8192053679045648,-7.167717841900635,-4.739848095291286,8.811882042714105e-06,-6.5174430483712555,-7.167709030018592,-2.6982464923487335
11343,-6.349293521187044,-3.920539477415071,-6.995507411983432,-4.687976268480969,6.6704124312977325e-06,-6.349286850774613,-6.995500741571001,-2.4287540437719732
11456,-6.111704284577381,-3.9509785767966163,-6.8153735961057045,-4.622132636416522,5.0633189765392225e-06,-6.111699221258404,-6.815368532786728,-2.1607257077807644
11571,-5.664449391317942,-3.7584702532303007,-6.632874710224275,-4.542398751012866,3.835352673675629e-06,-5.664445555965268,-6.632870874871601,-1.9059791380876414
11686,-4.878184100809337,-3.2020760840392315,-6.4533490224937955,-4.448642864509872,2.9131865115772375e-06,-4.878181187622825,-6.453346109307284,-1.6761080167701055
11803,-3.9873564572936058,-2.505323757507605,-6.281796465411792,-4.340561821993727,2.2082806694356805e-06,-3.9873542490129363,-6.281794257131122,-1.4820326997860007
11921,-3.8376356292148084,-2.504046736588947,-6.122787697354601,-4.217746675017084,1.6746107824872072e-06,-3.837633954604026,-6.122786022743819,-1.3335888926258612
12040,-4.1604470073615785,-2.921274169554253,-5.9804014265012455,-4.079767615917676,1.2704387675199775e-06,-4.160445736922811,-5.980400156062478,-1.2391728378073257
12161,-4.729934052336856,-3.5244761031450635,-5.8581887080972725,-3.9262720499636767,9.620265721821395e-07,-4.729933090310284,-5.8581877460707,-1.2054579491917923
12282,-5.498722714803828,-4.261529165154872,-5.759161075750512,-3.7570883595510565,7.304930225160433e-07,-5.498721984310805,-5.75916034525749,-1.2371935496489552
12405,-6.408465760511133,-5.071374121516311,-5.685797817119773,-3.572327104731985,5.536942619954745e-07,-6.408465206816871,-5.685797263425511,-1.3370916389948218
12529,-7.183738970786626,-5.67793623058768,-5.640066622410765,-3.372471193475097,4.1990148424986273e-07,-7.183738550885142,-5.6400662025092805,-1.5058027401989458
12655,-6.949656903097882,-5.207679757006442,-5.6234513266391755,-3.1584469716517263,3.1790620447225143e-07,-6.949656585191677,-5.623451008732971,-1.7419771460914393
12781,-6.79484369959237,-4.752440101529853,-5.636980516308793,-2.9316692155708743,2.4135032461458655e-07,-6.794843458242045,-5.636980274958469,-2.0424035980625166
12909,-6.902744862955718,-4.500531045438337,-5.681251405393365,-2.6940546026857723,1.829360583016637e-07,-6.9027446800196595,-5.681251222457306,-2.4022138175173806
13038,-6.7222793720726965,-3.9071408009353945,-5.756444534796526,-2.448000310934509,1.3874325066609575e-07,-6.722279233329446,-5.756444396053276,-2.815138571137302
13168,-6.492469287899348,-3.218670079533048,-5.86232640574329,-2.196326788544368,1.0529059046859858e-07,-6.492469182608757,-5.8623263004526995,-3.2737992083662997
13300,-6.56974354369017,-2.799725623942158,-5.9982390053309596,-1.9421863158812342,7.978627092342093e-08,-6.569743463903899,-5.998238925544689,-3.770017919748012
13433,-6.300375488768765,-2.005245179271225,-6.163077142007308,-1.6889415343555956,6.050027501203201e-08,-6.30037542826849,-6.163077081507033,-4.29513030949754
13567,-6.156974302930895,-1.3166891232597333,-6.355256448222372,-1.4400204994734322,4.59071456404561e-08,-6.15697425702375,-6.355256402315226,-4.840285179671162
13703,-6.139111416678866,-0.7423928831074864,-6.57267662530562,-1.1987568179553731,3.47871313977045e-08,-6.139111381891735,-6.572676590518489,-5.39671853357138
13840,-6.2517077097800895,-0.29571617446944565,-6.812685855788391,-0.9682249039629163,2.637995155652784e-08,-6.251707683400138,-6.81268582940844,-5.955991535310644
13978,-6.3523160379462205,0.1578692559852417,-7.072053180087918,-0.7510812307636472,2.0019294666372383e-08,-6.352316017926926,-7.072053160068624,-6.510185293931462
14118,-6.555299377137383,0.49674925931480374,-7.34695592947803,-0.5494225761489476,1.517363834623378e-08,-6.555299361963745,-7.346955914304392,-7.052048636452187
14259,-6.643955342895689,0.9311429481823499,-7.632989074089733,-0.3646717150745533,1.1509895258242364e-08,-6.6439553313857935,-7.632989062579838,-7.575098291078039
14402,-6.181810661562053,1.8918631376912662,-7.925202239956981,-0.19749952862104417,-0.02190392919642954,-6.203714590758482,-7.94710616915341,-8.073673799253319
14546,-5.5137919824919335,3.029160001604162,-8.218168712854197,-0.04779056753241192,-0.06933222184933442,-5.583124204341268,-8.287500934703532,-8.542951984096096
14692,-5.9402872897288175,3.038640424109162,-8.5060888355656,0.08534335197592395,-0.1426407266565396,-6.082928016385357,-8.64872956222214,-8.97892771383798
14838,-7.089473406581793,2.288895494571846,-8.782927864905973,0.2034998501256738,-0.2283449710696369,-7.31781837765143,-9.01127283597561,-9.378368901153639
14987,-7.560105820830102,2.1786483728821517,-9.042585911325771,0.308874341934504,-0.31589417704849254,-7.875999997878594,-9.358480088374264,-9.738754193712253
15137,-9.312409283024499,0.7457920043253257,-9.279093989786746,0.4041054103504126,-0.40410541035041253,-9.716514693374911,-9.683199400137159,-10.058201287349824
15288,-10.582682731770396,-0.2472890576023712,-9.48683011472345,0.49208349995366873,-0.4920834999536688,-11.074766231724064,-9.978913614677118,-10.335393674168024
15441,-11.360728088186756,-0.7912162454813707,-9.660745768868157,0.5757330808370269,-0.5757330808370268,-11.936461169023783,-10.236478849705184,-10.569511842705385
15595,-12.372323015269275,-1.6121498511931982,-9.796591171676553,0.6577806951394147,-0.6577806951394147,-13.03010371040869,-10.454371866815968,-10.760173164076077
15751,-12.725670892832953,-1.8182879430406143,-9.891127218345572,0.7405222494747847,-0.7405222494747847,-13.466193142307738,-10.631649467820356,-10.90738294979234
15909,-12.879702965096829,-1.8682060725572711,-9.942310438989317,0.8256045176707386,-0.8256045176707385,-13.705307482767568,-10.767914956660055,-11.011496892539558
16068,-12.481834993939573,-1.4086376333850499,-9.949450983555005,0.9138242684480944,-0.9138242684480943,-13.395659262387667,-10.863275252003099,-11.073197360554524
16229,-12.010955208751344,-0.9174799647827179,-9.91331424002482,1.004973476550379,-1.0049734765503793,-13.015928685301724,-10.918287716575199,-11.093475243968626
16391,-11.449805433972037,-0.37618885113176326,-9.836166990301448,1.0977330289938443,-1.0977330289938443,-12.54753846296588,-10.933900019295292,-11.073616582840273
16555,-10.800615413999395,0.21457586958226216,-9.72176711145326,1.1896185628277056,-1.1896185628277054,-11.990233976827101,-10.911385674280966,-11.015191283581657
16720,-10.371309688377435,0.5487301143271086,-9.575294433660043,1.276982782145545,-1.276982782145545,-11.64829247052298,-10.852277215805588,-10.920039802704544
16888,-9.849250902746958,0.9410095297523942,-9.4032447635777,1.3550572366804499,-1.3550572366804494,-11.204308139427408,-10.75830200025815,-10.790260432499352
17056,-9.47759288748466,1.150558060983327,-9.213147932870623,1.4181534234050577,-1.418153423405058,-10.895746310889717,-10.631301356275682,-10.628150948467987
17227,-8.933616361299839,1.5025676676502702,-9.013386691868575,1.459787904823739,-1.4597879048237394,-10.393404266123579,-10.473174596692315,-10.436184028950109
17399,-8.616131464300807,1.60082618363516,-8.812932732133563,1.4728876410953833,-1.4728876410953835,-10.08901910539619,-10.285820373228946,-10.216957647935967
17573,-8.13270633575042,1.8404161459893515,-8.621016382400605,1.4500610803340883,-1.4500610803340883,-9.582767416084508,-10.071077462734692,-9.973122481739772
17749,-7.634788992793291,2.0725037703959037,-8.446758046188249,1.383910187529414,-1.383910187529414,-9.018699180322704,-9.830668233717663,-9.707292763189194
17926,-6.825974883336268,2.595881226094705,-8.29848311495615,1.2676191266437047,-1.2676191266437047,-8.093594009979972,-9.566102241599856,-9.421856109430973
18106,-6.4209657887018725,2.69826020556118,-8.184534440690593,1.0942732638838744,-1.0942732638838744,-7.515239052585747,-9.278807704574467,-9.119225994263052
18287,-6.5405553947988215,2.2608682712302803,-8.111862490656723,0.8580712300644104,-0.8580712300644106,-7.398626624863232,-8.969933720721134,-8.801423666029102
18470,-6.640658730284548,1.829372106726824,-8.085873034932668,0.5544718403850282,-0.6341722416439218,-7.27483097192847,-8.72004527657659,-8.470030837011372
18654,-7.239591897475781,0.8865934682230927,-8.110427157730959,0.18021070814810095,-0.43691357956715504,-7.6765054770429355,-8.547340737298114,-8.126185365698873
18841,-7.3994797786720286,0.3711334983118082,-8.187966417371017,-0.2667917204418017,-0.2642434018101475,-7.663723180482176,-8.452209819181165,-7.770613276983837
19029,-7.756323582896253,-0.3514377747474997,-8.32375021449271,-0.7910224725019552,-0.12889912179748703,-7.88522270469374,-8.452649336290197,-7.404885808148753
19220,-8.29104682097726,-1.263939107985662,-8.511379203806905,-1.3870671411595845,-0.04047911922100117,-8.33152594019826,-8.551858323027906,-7.027107712991597
19412,-8.738462437338546,-2.101183445826152,-8.750853385313656,-2.054925726414713,2.1636002451447256e-12,-8.738462437336382,-8.750853385311492,-6.637278991512394
19606,-9.01833110692733,-2.782931463216187,-9.042172759012995,-2.794598228267373,1.641353421450234e-12,-9.01833110692569,-9.042172759011354,-6.235399643711144
19802,-9.754157753677717,-3.932688084089871,-9.385337324904938,-3.6060846467175787,1.2443378604960995e-12,-9.754157753676473,-9.385337324903695,-5.821469669587846
20000,-9.91575130878824,-4.520262239645737,-9.780347082989499,-4.48938498176534,9.43245481721533e-13,-9.915751308787296,-9.780347082988555,-5.395489069142503
