frequency,raw,smoothed,error,error_smoothed,equalization,parametric_eq,fixed_band_eq,equalized_raw,equalized_smoothed,target
20.00,1.20,1.20,-4.35,-4.35,4.36,4.02,1.97,5.56,5.55,5.55
20.20,1.20,1.21,-4.38,-4.37,4.37,4.02,2.03,5.57,5.58,5.58
20.40,1.21,1.22,-4.40,-4.39,4.38,4.01,2.09,5.59,5.60,5.61
20.61,1.25,1.23,-4.38,-4.40,4.39,4.01,2.15,5.64,5.63,5.63
20.81,1.25,1.26,-4.41,-4.40,4.40,4.01,2.21,5.65,5.66,5.66
21.02,1.27,1.27,-4.42,-4.40,4.40,4.01,2.28,5.67,5.68,5.69
21.23,1.30,1.29,-4.39,-4.41,4.40,4.01,2.34,5.70,5.69,5.69
21.44,1.30,1.31,-4.40,-4.40,4.40,4.00,2.41,5.70,5.71,5.70
21.66,1.32,1.32,-4.39,-4.39,4.39,4.00,2.48,5.71,5.71,5.71
21.87,1.34,1.33,-4.37,-4.39,4.38,4.00,2.56,5.72,5.71,5.71
22.09,1.34,1.35,-4.38,-4.37,4.37,4.00,2.63,5.71,5.72,5.72
22.31,1.36,1.36,-4.36,-4.36,4.35,4.00,2.71,5.71,5.72,5.72
22.54,1.39,1.38,-4.33,-4.35,4.34,3.99,2.79,5.73,5.71,5.72
22.76,1.39,1.40,-4.33,-4.32,4.32,3.99,2.87,5.71,5.72,5.72
22.99,1.40,1.42,-4.31,-4.30,4.31,3.99,2.95,5.71,5.73,5.71
23.22,1.44,1.42,-4.27,-4.29,4.30,3.99,3.04,5.74,5.73,5.71
23.45,1.44,1.43,-4.27,-4.28,4.29,3.98,3.12,5.73,5.72,5.71
23.69,1.41,1.42,-4.30,-4.29,4.29,3.98,3.21,5.70,5.71,5.71
23.92,1.41,1.42,-4.30,-4.30,4.28,3.98,3.30,5.69,5.70,5.71
24.16,1.42,1.42,-4.30,-4.29,4.28,3.98,3.39,5.70,5.70,5.72
24.40,1.44,1.43,-4.28,-4.28,4.27,3.97,3.49,5.71,5.70,5.71
24.65,1.44,1.44,-4.26,-4.27,4.27,3.97,3.58,5.71,5.70,5.70
24.89,1.44,1.45,-4.26,-4.26,4.26,3.97,3.68,5.70,5.70,5.70
25.14,1.45,1.46,-4.25,-4.25,4.25,3.96,3.77,5.70,5.70,5.70
25.39,1.48,1.47,-4.22,-4.23,4.23,3.96,3.87,5.71,5.70,5.70
25.65,1.48,1.48,-4.22,-4.22,4.22,3.96,3.97,5.70,5.70,5.70
25.91,1.48,1.48,-4.21,-4.21,4.22,3.95,4.06,5.70,5.70,5.69
26.16,1.48,1.48,-4.21,-4.21,4.21,3.95,4.16,5.69,5.69,5.69
26.43,1.48,1.48,-4.21,-4.21,4.21,3.95,4.26,5.69,5.69,5.69
26.69,1.48,1.48,-4.21,-4.21,4.20,3.94,4.35,5.68,5.68,5.69
26.96,1.48,1.48,-4.20,-4.21,4.20,3.94,4.45,5.68,5.68,5.68
27.23,1.48,1.48,-4.20,-4.20,4.20,3.94,4.54,5.68,5.68,5.68
27.50,1.48,1.48,-4.20,-4.20,4.20,3.93,4.63,5.68,5.68,5.68
27.77,1.48,1.48,-4.19,-4.19,4.19,3.93,4.71,5.67,5.67,5.67
28.05,1.48,1.48,-4.19,-4.19,4.19,3.93,4.80,5.67,5.67,5.67
28.33,1.48,1.48,-4.18,-4.18,4.18,3.92,4.88,5.66,5.66,5.66
28.62,1.48,1.48,-4.18,-4.18,4.18,3.92,4.95,5.66,5.66,5.66
28.90,1.48,1.48,-4.17,-4.17,4.17,3.91,5.02,5.65,5.65,5.65
29.19,1.48,1.48,-4.16,-4.17,4.17,3.91,5.08,5.65,5.65,5.64
29.48,1.48,1.48,-4.17,-4.17,4.16,3.90,5.14,5.64,5.64,5.65
29.78,1.48,1.48,-4.16,-4.16,4.16,3.90,5.19,5.64,5.64,5.64
30.08,1.48,1.48,-4.16,-4.16,4.15,3.90,5.23,5.63,5.63,5.64
30.38,1.48,1.48,-4.15,-4.15,4.15,3.89,5.27,5.63,5.63,5.63
30.68,1.48,1.48,-4.14,-4.14,4.14,3.89,5.29,5.62,5.62,5.62
30.99,1.48,1.48,-4.13,-4.13,4.13,3.88,5.31,5.61,5.61,5.61
31.30,1.48,1.48,-4.13,-4.13,4.13,3.88,5.32,5.61,5.61,5.61
31.61,1.48,1.48,-4.13,-4.12,4.13,3.87,5.33,5.61,5.61,5.61
31.93,1.48,1.47,-4.11,-4.12,4.13,3.86,5.32,5.61,5.60,5.59
32.24,1.47,1.46,-4.11,-4.12,4.13,3.86,5.31,5.60,5.59,5.58
32.57,1.44,1.45,-4.14,-4.13,4.13,3.85,5.29,5.57,5.58,5.58
32.89,1.44,1.44,-4.14,-4.13,4.13,3.85,5.27,5.57,5.57,5.58
33.22,1.44,1.44,-4.12,-4.13,4.13,3.84,5.23,5.56,5.56,5.56
33.55,1.44,1.44,-4.12,-4.12,4.12,3.83,5.19,5.56,5.56,5.56
33.89,1.44,1.44,-4.11,-4.11,4.11,3.83,5.14,5.55,5.55,5.55
34.23,1.44,1.44,-4.11,-4.10,4.10,3.82,5.09,5.54,5.54,5.55
34.57,1.44,1.45,-4.09,-4.09,4.08,3.81,5.04,5.52,5.53,5.53
34.92,1.46,1.46,-4.06,-4.07,4.06,3.81,4.98,5.52,5.52,5.52
35.27,1.48,1.47,-4.04,-4.04,4.04,3.80,4.91,5.52,5.51,5.52
35.62,1.48,1.49,-4.02,-4.01,4.01,3.79,4.84,5.49,5.51,5.50
35.97,1.51,1.51,-3.98,-3.99,3.99,3.78,4.77,5.50,5.49,5.49
36.33,1.53,1.52,-3.96,-3.96,3.96,3.78,4.70,5.49,5.48,5.48
36.70,1.53,1.54,-3.94,-3.93,3.93,3.77,4.63,5.46,5.47,5.47
37.06,1.55,1.56,-3.91,-3.91,3.91,3.76,4.55,5.46,5.46,5.46
37.43,1.58,1.57,-3.87,-3.88,3.89,3.75,4.47,5.47,5.45,5.45
37.81,1.58,1.58,-3.86,-3.86,3.87,3.74,4.40,5.45,5.45,5.44
38.19,1.58,1.58,-3.84,-3.85,3.85,3.73,4.32,5.43,5.43,5.42
38.57,1.58,1.58,-3.84,-3.84,3.83,3.72,4.25,5.41,5.41,5.42
38.95,1.58,1.58,-3.82,-3.82,3.82,3.71,4.17,5.40,5.40,5.40
39.34,1.58,1.58,-3.81,-3.81,3.80,3.70,4.10,5.38,5.38,5.39
39.74,1.58,1.58,-3.79,-3.80,3.79,3.69,4.03,5.37,5.37,5.37
40.14,1.58,1.58,-3.79,-3.79,3.78,3.68,3.96,5.36,5.36,5.37
40.54,1.58,1.58,-3.77,-3.78,3.77,3.67,3.89,5.35,5.35,5.35
40.94,1.58,1.58,-3.77,-3.76,3.77,3.66,3.83,5.35,5.35,5.35
41.35,1.58,1.58,-3.75,-3.76,3.77,3.65,3.76,5.35,5.35,5.33
41.76,1.58,1.57,-3.75,-3.76,3.77,3.64,3.70,5.35,5.34,5.33
42.18,1.53,1.54,-3.79,-3.77,3.78,3.63,3.64,5.31,5.32,5.32
42.60,1.53,1.52,-3.77,-3.79,3.78,3.61,3.59,5.31,5.30,5.30
43.03,1.48,1.49,-3.82,-3.80,3.79,3.60,3.53,5.27,5.28,5.29
43.46,1.48,1.47,-3.80,-3.80,3.80,3.59,3.48,5.28,5.27,5.28
43.90,1.44,1.45,-3.81,-3.80,3.80,3.57,3.43,5.24,5.25,5.25
44.33,1.44,1.43,-3.79,-3.80,3.80,3.56,3.39,5.24,5.24,5.23
44.78,1.42,1.41,-3.79,-3.80,3.80,3.54,3.34,5.22,5.21,5.21
45.23,1.39,1.40,-3.81,-3.79,3.79,3.53,3.30,5.18,5.19,5.20
45.68,1.39,1.39,-3.79,-3.79,3.78,3.51,3.26,5.17,5.17,5.18
46.13,1.39,1.39,-3.77,-3.77,3.77,3.50,3.23,5.16,5.16,5.16
46.60,1.39,1.39,-3.76,-3.75,3.76,3.48,3.20,5.15,5.16,5.15
47.06,1.39,1.39,-3.74,-3.74,3.75,3.46,3.17,5.14,5.14,5.13
47.53,1.39,1.38,-3.72,-3.74,3.74,3.44,3.14,5.13,5.12,5.11
48.01,1.34,1.36,-3.76,-3.74,3.74,3.43,3.11,5.08,5.09,5.10
48.49,1.34,1.33,-3.73,-3.74,3.73,3.41,3.09,5.07,5.06,5.07
48.97,1.30,1.30,-3.74,-3.73,3.73,3.39,3.07,5.03,5.04,5.04
49.46,1.29,1.28,-3.72,-3.72,3.73,3.37,3.05,5.02,5.02,5.01
49.96,1.25,1.25,-3.72,-3.73,3.74,3.34,3.03,4.99,5.00,4.97
50.46,1.23,1.23,-3.73,-3.73,3.75,3.32,3.01,4.98,4.97,4.96
50.96,1.20,1.20,-3.74,-3.74,3.75,3.30,3.00,4.95,4.94,4.94
51.47,1.17,1.17,-3.74,-3.74,3.74,3.28,2.99,4.91,4.91,4.91
51.99,1.16,1.15,-3.72,-3.73,3.72,3.25,2.97,4.88,4.87,4.88
52.51,1.14,1.15,-3.73,-3.71,3.68,3.22,2.96,4.82,4.83,4.87
53.03,1.18,1.18,-3.66,-3.66,3.63,3.20,2.95,4.81,4.81,4.84
53.56,1.23,1.23,-3.59,-3.59,3.57,3.17,2.95,4.80,4.80,4.82
54.10,1.30,1.30,-3.50,-3.50,3.50,3.14,2.94,4.80,4.80,4.79
54.64,1.37,1.37,-3.40,-3.40,3.42,3.11,2.93,4.78,4.79,4.77
55.18,1.44,1.44,-3.30,-3.30,3.32,3.08,2.92,4.77,4.76,4.74
55.74,1.51,1.50,-3.21,-3.22,3.23,3.05,2.91,4.74,4.73,4.71
56.29,1.55,1.55,-3.15,-3.14,3.14,3.01,2.90,4.69,4.69,4.70
56.86,1.60,1.61,-3.07,-3.06,3.05,2.98,2.89,4.65,4.66,4.67
57.42,1.68,1.67,-2.96,-2.97,2.97,2.94,2.88,4.65,4.64,4.64
58.00,1.74,1.73,-2.88,-2.89,2.89,2.91,2.87,4.63,4.62,4.62
58.58,1.79,1.80,-2.81,-2.81,2.82,2.87,2.85,4.61,4.62,4.60
59.16,1.84,1.84,-2.74,-2.74,2.75,2.83,2.84,4.59,4.60,4.58
59.76,1.89,1.87,-2.67,-2.68,2.69,2.78,2.82,4.58,4.56,4.56
60.35,1.90,1.90,-2.63,-2.63,2.63,2.74,2.80,4.53,4.53,4.53
60.96,1.90,1.92,-2.61,-2.58,2.57,2.69,2.78,4.47,4.49,4.51
61.57,1.95,1.93,-2.51,-2.53,2.52,2.64,2.75,4.47,4.46,4.46
62.18,1.95,1.95,-2.48,-2.48,2.47,2.59,2.73,4.42,4.43,4.43
62.80,1.98,1.98,-2.42,-2.42,2.42,2.54,2.70,4.40,4.40,4.40
63.43,2.00,2.00,-2.37,-2.37,2.37,2.49,2.67,4.37,4.37,4.37
64.07,2.04,2.03,-2.30,-2.31,2.32,2.43,2.63,4.35,4.35,4.34
64.71,2.05,2.06,-2.27,-2.26,2.26,2.37,2.60,4.31,4.32,4.32
65.35,2.09,2.08,-2.20,-2.20,2.20,2.31,2.56,4.29,4.29,4.29
66.01,2.11,2.11,-2.15,-2.15,2.14,2.25,2.52,4.25,4.26,4.26
66.67,2.14,2.14,-2.09,-2.09,2.08,2.19,2.47,4.22,4.23,4.23
67.33,2.18,2.17,-2.02,-2.03,2.02,2.13,2.43,4.20,4.20,4.20
68.01,2.21,2.21,-1.96,-1.96,1.96,2.06,2.38,4.17,4.17,4.17
68.69,2.24,2.24,-1.90,-1.90,1.90,2.00,2.33,4.14,4.14,4.14
69.37,2.28,2.27,-1.83,-1.83,1.83,1.93,2.28,4.11,4.11,4.11
70.07,2.30,2.31,-1.78,-1.77,1.77,1.87,2.23,4.07,4.08,4.08
70.77,2.35,2.34,-1.70,-1.71,1.71,1.80,2.18,4.06,4.06,4.05
71.48,2.37,2.36,-1.65,-1.66,1.66,1.74,2.12,4.03,4.02,4.02
72.19,2.37,2.38,-1.61,-1.60,1.60,1.68,2.07,3.97,3.98,3.98
72.91,2.38,2.39,-1.57,-1.56,1.55,1.62,2.01,3.93,3.94,3.95
73.64,2.41,2.40,-1.50,-1.51,1.51,1.57,1.96,3.92,3.91,3.91
74.38,2.42,2.42,-1.46,-1.46,1.47,1.52,1.90,3.89,3.88,3.88
75.12,2.42,2.42,-1.42,-1.42,1.43,1.47,1.84,3.85,3.85,3.84
75.87,2.42,2.42,-1.39,-1.39,1.40,1.43,1.79,3.82,3.82,3.81
76.63,2.42,2.42,-1.36,-1.36,1.37,1.39,1.73,3.79,3.79,3.78
77.40,2.42,2.41,-1.33,-1.34,1.34,1.36,1.67,3.76,3.75,3.75
78.17,2.38,2.39,-1.33,-1.33,1.32,1.33,1.62,3.70,3.71,3.71
78.95,2.37,2.37,-1.32,-1.31,1.30,1.31,1.56,3.67,3.67,3.69
79.74,2.37,2.37,-1.29,-1.28,1.28,1.29,1.50,3.65,3.65,3.65
80.54,2.37,2.37,-1.25,-1.25,1.26,1.27,1.45,3.63,3.62,3.62
81.35,2.37,2.35,-1.22,-1.23,1.24,1.25,1.39,3.61,3.59,3.59
82.16,2.32,2.34,-1.23,-1.21,1.22,1.24,1.34,3.54,3.56,3.55
82.98,2.32,2.32,-1.20,-1.20,1.19,1.22,1.29,3.51,3.51,3.52
83.81,2.32,2.30,-1.16,-1.18,1.17,1.21,1.23,3.49,3.47,3.48
84.65,2.28,2.30,-1.16,-1.15,1.15,1.19,1.18,3.43,3.45,3.44
85.50,2.28,2.28,-1.13,-1.13,1.13,1.18,1.13,3.41,3.41,3.41
86.35,2.28,2.26,-1.09,-1.11,1.11,1.17,1.08,3.39,3.37,3.37
87.22,2.23,2.25,-1.10,-1.08,1.09,1.15,1.03,3.32,3.34,3.33
88.09,2.23,2.23,-1.06,-1.07,1.06,1.13,0.98,3.29,3.29,3.29
88.97,2.23,2.21,-1.03,-1.05,1.04,1.11,0.93,3.27,3.25,3.26
89.86,2.18,2.20,-1.04,-1.02,1.02,1.09,0.88,3.20,3.22,3.22
90.76,2.18,2.18,-0.99,-0.99,0.99,1.07,0.84,3.17,3.17,3.17
91.66,2.18,2.16,-0.95,-0.97,0.97,1.05,0.79,3.15,3.13,3.13
92.58,2.14,2.16,-0.94,-0.93,0.94,1.02,0.74,3.08,3.10,3.08
93.51,2.14,2.14,-0.91,-0.91,0.91,1.00,0.70,3.05,3.05,3.05
94.44,2.14,2.12,-0.86,-0.88,0.88,0.97,0.65,3.01,2.99,3.00
95.39,2.09,2.11,-0.87,-0.85,0.84,0.94,0.61,2.93,2.95,2.96
96.34,2.09,2.09,-0.81,-0.81,0.81,0.91,0.57,2.90,2.90,2.90
97.30,2.09,2.09,-0.77,-0.77,0.78,0.88,0.53,2.86,2.86,2.86
98.28,2.09,2.08,-0.72,-0.73,0.74,0.84,0.48,2.83,2.82,2.81
99.26,2.07,2.07,-0.70,-0.70,0.70,0.81,0.44,2.77,2.77,2.77
100.25,2.04,2.05,-0.68,-0.67,0.66,0.77,0.40,2.70,2.71,2.72
101.25,2.04,2.04,-0.64,-0.63,0.63,0.73,0.36,2.66,2.67,2.68
102.27,2.04,2.04,-0.59,-0.59,0.59,0.69,0.32,2.63,2.63,2.63
103.29,2.04,2.03,-0.53,-0.55,0.56,0.65,0.28,2.60,2.60,2.57
104.32,2.01,2.01,-0.53,-0.52,0.54,0.61,0.24,2.55,2.55,2.54
105.37,1.98,1.98,-0.51,-0.51,0.52,0.57,0.21,2.50,2.50,2.49
106.42,1.95,1.94,-0.49,-0.50,0.50,0.53,0.17,2.45,2.44,2.44
107.48,1.90,1.91,-0.50,-0.48,0.48,0.49,0.13,2.38,2.40,2.40
108.56,1.89,1.88,-0.45,-0.47,0.46,0.44,0.09,2.35,2.34,2.34
109.64,1.86,1.85,-0.44,-0.45,0.44,0.40,0.06,2.30,2.29,2.30
110.74,1.81,1.83,-0.44,-0.42,0.41,0.35,0.02,2.22,2.24,2.25
111.85,1.81,1.81,-0.39,-0.39,0.37,0.31,-0.01,2.18,2.18,2.20
112.97,1.81,1.80,-0.33,-0.34,0.32,0.26,-0.05,2.13,2.13,2.14
114.10,1.81,1.82,-0.28,-0.27,0.27,0.21,-0.08,2.08,2.09,2.09
115.24,1.84,1.84,-0.20,-0.20,0.21,0.16,-0.12,2.05,2.04,2.04
116.39,1.86,1.85,-0.12,-0.14,0.14,0.11,-0.15,2.00,1.99,1.98
117.55,1.86,1.86,-0.07,-0.07,0.08,0.06,-0.18,1.94,1.94,1.93
118.73,1.86,1.87,-0.02,-0.00,0.01,0.01,-0.22,1.87,1.89,1.88
119.92,1.90,1.89,0.07,0.06,-0.05,-0.05,-0.25,1.85,1.84,1.83
121.12,1.90,1.90,0.12,0.12,-0.11,-0.10,-0.28,1.79,1.79,1.78
122.33,1.90,1.90,0.17,0.17,-0.17,-0.16,-0.31,1.73,1.73,1.73
123.55,1.90,1.90,0.21,0.22,-0.23,-0.22,-0.35,1.67,1.67,1.69
124.79,1.91,1.91,0.27,0.28,-0.29,-0.28,-0.38,1.62,1.62,1.64
126.03,1.93,1.93,0.35,0.34,-0.35,-0.34,-0.41,1.58,1.58,1.58
127.29,1.95,1.94,0.42,0.41,-0.40,-0.40,-0.44,1.54,1.54,1.53
128.57,1.95,1.95,0.47,0.47,-0.46,-0.46,-0.47,1.49,1.49,1.48
129.85,1.95,1.95,0.52,0.53,-0.51,-0.52,-0.50,1.44,1.44,1.43
131.15,1.95,1.95,0.57,0.57,-0.56,-0.59,-0.53,1.39,1.39,1.38
132.46,1.95,1.95,0.62,0.62,-0.61,-0.65,-0.56,1.34,1.34,1.33
133.79,1.95,1.94,0.66,0.66,-0.67,-0.72,-0.59,1.28,1.28,1.29
135.12,1.95,1.95,0.71,0.70,-0.72,-0.78,-0.62,1.23,1.23,1.24
136.48,1.95,1.97,0.75,0.76,-0.78,-0.85,-0.65,1.17,1.19,1.20
137.84,2.00,1.99,0.84,0.83,-0.84,-0.92,-0.68,1.16,1.15,1.16
139.22,2.02,2.02,0.91,0.91,-0.90,-0.98,-0.71,1.12,1.11,1.11
140.61,2.04,2.05,0.98,0.98,-0.97,-1.05,-0.74,1.07,1.08,1.06
142.02,2.09,2.08,1.05,1.05,-1.04,-1.12,-0.77,1.04,1.04,1.04
143.44,2.12,2.12,1.12,1.12,-1.12,-1.18,-0.81,1.00,1.00,1.00
144.87,2.15,2.15,1.19,1.19,-1.19,-1.25,-0.84,0.96,0.96,0.96
146.32,2.18,2.19,1.26,1.26,-1.27,-1.31,-0.87,0.91,0.92,0.92
147.78,2.23,2.22,1.34,1.33,-1.34,-1.38,-0.90,0.89,0.88,0.89
149.26,2.25,2.26,1.40,1.41,-1.40,-1.44,-0.94,0.85,0.85,0.85
150.75,2.28,2.29,1.47,1.48,-1.47,-1.51,-0.97,0.81,0.82,0.81
152.26,2.32,2.31,1.55,1.54,-1.53,-1.57,-1.01,0.79,0.78,0.77
153.78,2.32,2.32,1.59,1.59,-1.58,-1.63,-1.05,0.74,0.74,0.73
155.32,2.32,2.32,1.63,1.63,-1.63,-1.69,-1.08,0.69,0.70,0.69
156.88,2.32,2.32,1.66,1.67,-1.67,-1.75,-1.12,0.65,0.65,0.66
158.44,2.32,2.32,1.71,1.71,-1.71,-1.81,-1.16,0.61,0.61,0.61
160.03,2.32,2.32,1.75,1.75,-1.75,-1.87,-1.20,0.57,0.57,0.57
161.63,2.32,2.32,1.79,1.79,-1.79,-1.92,-1.24,0.53,0.53,0.53
163.24,2.32,2.32,1.83,1.83,-1.83,-1.98,-1.28,0.49,0.49,0.49
164.88,2.32,2.32,1.86,1.87,-1.87,-2.03,-1.33,0.45,0.45,0.46
166.53,2.33,2.33,1.91,1.92,-1.92,-2.08,-1.37,0.41,0.42,0.42
168.19,2.35,2.35,1.97,1.97,-1.96,-2.13,-1.42,0.39,0.39,0.38
169.87,2.37,2.36,2.03,2.02,-2.01,-2.18,-1.46,0.36,0.35,0.34
171.57,2.37,2.37,2.06,2.06,-2.06,-2.23,-1.51,0.31,0.31,0.31
173.29,2.37,2.37,2.10,2.10,-2.11,-2.28,-1.56,0.26,0.26,0.27
175.02,2.37,2.38,2.14,2.15,-2.16,-2.32,-1.61,0.21,0.22,0.23
176.77,2.42,2.40,2.23,2.21,-2.22,-2.37,-1.67,0.20,0.19,0.19
178.54,2.42,2.42,2.27,2.27,-2.27,-2.41,-1.72,0.15,0.16,0.15
180.32,2.44,2.44,2.33,2.33,-2.32,-2.45,-1.77,0.12,0.12,0.11
182.13,2.46,2.45,2.38,2.38,-2.37,-2.49,-1.83,0.09,0.08,0.08
183.95,2.46,2.47,2.42,2.43,-2.43,-2.53,-1.89,0.03,0.05,0.04
185.79,2.50,2.49,2.49,2.48,-2.48,-2.56,-1.95,0.02,0.01,0.01
187.65,2.51,2.50,2.54,2.54,-2.54,-2.60,-2.01,-0.03,-0.03,-0.03
189.52,2.51,2.53,2.57,2.59,-2.59,-2.63,-2.07,-0.08,-0.07,-0.06
191.42,2.56,2.55,2.65,2.64,-2.65,-2.66,-2.13,-0.09,-0.10,-0.09
193.33,2.58,2.58,2.70,2.71,-2.72,-2.69,-2.19,-0.14,-0.13,-0.12
195.27,2.63,2.63,2.78,2.78,-2.78,-2.72,-2.26,-0.15,-0.16,-0.15
197.22,2.67,2.67,2.85,2.85,-2.85,-2.75,-2.32,-0.18,-0.18,-0.18
199.19,2.72,2.72,2.94,2.93,-2.93,-2.77,-2.39,-0.21,-0.21,-0.22
201.18,2.78,2.77,3.01,3.00,-3.00,-2.79,-2.46,-0.22,-0.23,-0.23
203.19,2.81,2.82,3.06,3.07,-3.08,-2.82,-2.52,-0.27,-0.25,-0.25
205.23,2.87,2.87,3.14,3.14,-3.15,-2.84,-2.59,-0.28,-0.27,-0.27
207.28,2.93,2.93,3.21,3.21,-3.21,-2.86,-2.66,-0.28,-0.28,-0.28
209.35,2.97,2.97,3.27,3.28,-3.27,-2.87,-2.72,-0.30,-0.30,-0.30
211.44,3.02,3.01,3.35,3.33,-3.32,-2.89,-2.79,-0.30,-0.31,-0.33
213.56,3.02,3.04,3.35,3.37,-3.36,-2.90,-2.85,-0.34,-0.32,-0.33
215.69,3.07,3.06,3.40,3.40,-3.39,-2.92,-2.92,-0.32,-0.33,-0.33
217.85,3.07,3.06,3.42,3.41,-3.41,-2.93,-2.98,-0.34,-0.35,-0.35
220.03,3.07,3.07,3.43,3.43,-3.43,-2.94,-3.04,-0.36,-0.36,-0.36
222.23,3.07,3.08,3.44,3.45,-3.45,-2.95,-3.10,-0.38,-0.37,-0.37
224.45,3.10,3.09,3.46,3.46,-3.46,-2.95,-3.16,-0.37,-0.37,-0.36
226.70,3.12,3.11,3.48,3.48,-3.48,-2.96,-3.21,-0.36,-0.37,-0.36
228.96,3.12,3.13,3.48,3.49,-3.50,-2.96,-3.27,-0.38,-0.37,-0.37
231.25,3.16,3.16,3.52,3.52,-3.52,-2.97,-3.31,-0.36,-0.37,-0.36
233.57,3.19,3.19,3.55,3.55,-3.55,-2.97,-3.36,-0.36,-0.36,-0.36
235.90,3.23,3.22,3.58,3.58,-3.57,-2.97,-3.40,-0.35,-0.35,-0.36
238.26,3.26,3.26,3.61,3.61,-3.61,-2.97,-3.44,-0.35,-0.35,-0.35
240.64,3.29,3.30,3.63,3.64,-3.64,-2.97,-3.47,-0.35,-0.34,-0.34
243.05,3.35,3.34,3.68,3.67,-3.68,-2.96,-3.49,-0.33,-0.34,-0.33
245.48,3.38,3.39,3.70,3.71,-3.72,-2.96,-3.52,-0.34,-0.33,-0.32
247.93,3.43,3.44,3.74,3.75,-3.76,-2.95,-3.53,-0.33,-0.31,-0.31
250.41,3.51,3.50,3.82,3.80,-3.79,-2.94,-3.55,-0.28,-0.30,-0.31
252.92,3.56,3.56,3.84,3.84,-3.83,-2.94,-3.56,-0.27,-0.28,-0.28
255.45,3.61,3.61,3.87,3.88,-3.87,-2.93,-3.56,-0.27,-0.26,-0.26
258.00,3.65,3.66,3.90,3.90,-3.92,-2.92,-3.56,-0.27,-0.26,-0.25
260.58,3.71,3.70,3.95,3.93,-3.96,-2.91,-3.55,-0.25,-0.26,-0.24
263.19,3.74,3.75,3.95,3.96,-4.00,-2.89,-3.54,-0.26,-0.25,-0.21
265.82,3.79,3.80,3.99,3.99,-4.01,-2.88,-3.52,-0.22,-0.21,-0.20
268.48,3.84,3.84,4.01,4.02,-4.01,-2.87,-3.50,-0.17,-0.17,-0.17
271.16,3.88,3.87,4.03,4.02,-3.97,-2.85,-3.48,-0.09,-0.10,-0.15
273.87,3.84,3.84,3.98,3.97,-3.90,-2.84,-3.45,-0.06,-0.05,-0.14
276.61,3.76,3.74,3.87,3.86,-3.78,-2.82,-3.42,-0.02,-0.04,-0.11
279.38,3.60,3.60,3.70,3.70,-3.63,-2.80,-3.39,-0.03,-0.04,-0.10
282.17,3.40,3.42,3.48,3.50,-3.47,-2.78,-3.36,-0.07,-0.04,-0.08
284.99,3.25,3.22,3.31,3.28,-3.29,-2.77,-3.32,-0.04,-0.07,-0.06
287.84,3.04,3.04,3.08,3.08,-3.13,-2.75,-3.29,-0.09,-0.09,-0.04
290.72,2.87,2.88,2.89,2.90,-2.99,-2.73,-3.25,-0.12,-0.11,-0.02
293.63,2.78,2.79,2.78,2.79,-2.90,-2.71,-3.21,-0.12,-0.10,-0.00
296.57,2.78,2.79,2.75,2.77,-2.85,-2.69,-3.17,-0.07,-0.06,0.03
299.53,2.86,2.85,2.82,2.81,-2.85,-2.67,-3.13,0.01,0.00,0.04
302.53,2.94,2.93,2.88,2.87,-2.88,-2.65,-3.08,0.05,0.05,0.06
305.55,3.03,3.03,2.94,2.94,-2.94,-2.62,-3.04,0.08,0.08,0.09
308.61,3.11,3.12,3.00,3.01,-3.00,-2.60,-3.00,0.11,0.12,0.11
311.69,3.20,3.21,3.06,3.07,-3.03,-2.58,-2.97,0.17,0.18,0.14
314.81,3.27,3.27,3.10,3.10,-3.03,-2.56,-2.93,0.24,0.24,0.17
317.96,3.28,3.25,3.09,3.07,-2.97,-2.53,-2.89,0.31,0.29,0.19
321.14,3.15,3.16,2.94,2.95,-2.85,-2.51,-2.85,0.30,0.30,0.21
324.35,2.95,2.96,2.73,2.73,-2.69,-2.49,-2.82,0.25,0.26,0.22
327.59,2.68,2.66,2.43,2.41,-2.49,-2.47,-2.79,0.19,0.16,0.25
330.87,2.28,2.29,2.01,2.02,-2.26,-2.44,-2.76,0.02,0.03,0.27
334.18,1.85,1.85,1.57,1.56,-2.00,-2.42,-2.73,-0.15,-0.15,0.28
337.52,1.40,1.38,1.10,1.07,-1.71,-2.40,-2.70,-0.31,-0.33,0.30
340.90,0.92,0.94,0.59,0.61,-1.40,-2.38,-2.67,-0.48,-0.46,0.33
344.30,0.57,0.57,0.22,0.22,-1.11,-2.35,-2.65,-0.54,-0.53,0.35
347.75,0.32,0.33,-0.05,-0.03,-0.84,-2.33,-2.63,-0.52,-0.51,0.36
351.23,0.22,0.25,-0.16,-0.14,-0.62,-2.31,-2.61,-0.40,-0.37,0.38
354.74,0.29,0.27,-0.11,-0.13,-0.45,-2.29,-2.59,-0.16,-0.18,0.40
358.28,0.39,0.38,-0.03,-0.04,-0.35,-2.27,-2.58,0.04,0.03,0.42
361.87,0.53,0.54,0.09,0.10,-0.32,-2.25,-2.56,0.21,0.22,0.44
365.49,0.73,0.71,0.28,0.26,-0.34,-2.23,-2.55,0.39,0.37,0.45
369.14,0.90,0.91,0.44,0.45,-0.43,-2.21,-2.54,0.47,0.48,0.46
372.83,1.12,1.12,0.64,0.64,-0.56,-2.19,-2.54,0.56,0.56,0.48
376.56,1.33,1.32,0.84,0.82,-0.73,-2.17,-2.53,0.60,0.59,0.49
380.33,1.51,1.50,0.99,0.99,-0.90,-2.15,-2.53,0.61,0.60,0.52
384.13,1.64,1.65,1.11,1.12,-1.08,-2.13,-2.53,0.56,0.57,0.53
387.97,1.77,1.77,1.24,1.23,-1.22,-2.11,-2.53,0.55,0.55,0.53
391.85,1.88,1.88,1.34,1.33,-1.34,-2.10,-2.53,0.54,0.53,0.54
395.77,1.99,1.99,1.43,1.43,-1.45,-2.08,-2.53,0.53,0.54,0.56
399.73,2.10,2.10,1.53,1.54,-1.56,-2.07,-2.54,0.54,0.55,0.57
403.72,2.23,2.22,1.65,1.64,-1.66,-2.06,-2.54,0.57,0.57,0.58
407.76,2.34,2.35,1.75,1.76,-1.75,-2.05,-2.55,0.59,0.59,0.59
411.84,2.47,2.46,1.86,1.86,-1.85,-2.04,-2.56,0.62,0.62,0.61
415.96,2.58,2.58,1.97,1.96,-1.94,-2.03,-2.57,0.64,0.63,0.61
420.12,2.67,2.67,2.05,2.05,-2.04,-2.02,-2.58,0.63,0.64,0.62
424.32,2.77,2.76,2.14,2.13,-2.13,-2.02,-2.59,0.63,0.63,0.63
428.56,2.84,2.85,2.20,2.21,-2.24,-2.01,-2.60,0.60,0.61,0.64
432.85,2.95,2.95,2.30,2.30,-2.34,-2.01,-2.61,0.61,0.61,0.65
437.18,3.05,3.06,2.39,2.40,-2.44,-2.01,-2.62,0.61,0.62,0.66
441.55,3.19,3.19,2.51,2.52,-2.53,-2.01,-2.62,0.66,0.66,0.68
445.96,3.32,3.32,2.63,2.63,-2.61,-2.02,-2.63,0.71,0.71,0.69
450.42,3.44,3.43,2.74,2.73,-2.67,-2.03,-2.64,0.77,0.76,0.70
454.93,3.49,3.48,2.77,2.77,-2.71,-2.04,-2.65,0.78,0.77,0.72
459.48,3.49,3.49,2.77,2.76,-2.73,-2.05,-2.65,0.76,0.76,0.72
464.07,3.46,3.47,2.72,2.73,-2.72,-2.07,-2.66,0.74,0.75,0.74
468.71,3.44,3.44,2.68,2.68,-2.68,-2.10,-2.66,0.76,0.75,0.76
473.40,3.40,3.40,2.63,2.63,-2.63,-2.12,-2.66,0.77,0.77,0.77
478.13,3.36,3.36,2.57,2.57,-2.58,-2.16,-2.66,0.78,0.78,0.79
482.91,3.33,3.32,2.53,2.51,-2.53,-2.19,-2.65,0.80,0.79,0.80
487.74,3.27,3.28,2.45,2.46,-2.49,-2.24,-2.65,0.78,0.79,0.82
492.62,3.26,3.27,2.42,2.43,-2.46,-2.29,-2.64,0.80,0.81,0.84
497.55,3.28,3.28,2.43,2.43,-2.45,-2.35,-2.62,0.83,0.83,0.85
502.52,3.34,3.32,2.47,2.46,-2.46,-2.41,-2.61,0.88,0.86,0.87
507.55,3.37,3.37,2.49,2.49,-2.48,-2.49,-2.59,0.89,0.89,0.88
512.62,3.42,3.43,2.52,2.53,-2.52,-2.57,-2.57,0.90,0.91,0.90
517.75,3.50,3.49,2.58,2.58,-2.58,-2.67,-2.55,0.92,0.91,0.92
522.93,3.57,3.57,2.63,2.64,-2.64,-2.78,-2.52,0.93,0.93,0.94
528.16,3.66,3.66,2.71,2.71,-2.72,-2.90,-2.49,0.94,0.94,0.95
533.44,3.76,3.76,2.79,2.79,-2.80,-3.03,-2.46,0.96,0.96,0.97
538.77,3.87,3.87,2.89,2.88,-2.88,-3.17,-2.43,0.99,0.99,0.98
544.16,3.98,3.98,2.98,2.98,-2.97,-3.32,-2.40,1.01,1.01,1.00
549.60,4.09,4.09,3.07,3.07,-3.06,-3.48,-2.36,1.03,1.03,1.02
555.10,4.20,4.20,3.17,3.16,-3.15,-3.65,-2.32,1.05,1.05,1.03
560.65,4.31,4.31,3.26,3.26,-3.25,-3.82,-2.28,1.06,1.06,1.05
566.25,4.42,4.42,3.35,3.35,-3.34,-3.99,-2.24,1.08,1.08,1.07
571.92,4.53,4.53,3.45,3.44,-3.45,-4.14,-2.20,1.08,1.08,1.08
577.64,4.64,4.65,3.55,3.55,-3.56,-4.29,-2.16,1.08,1.08,1.09
583.41,4.77,4.77,3.66,3.66,-3.70,-4.39,-2.12,1.07,1.07,1.11
589.25,4.92,4.91,3.79,3.78,-3.85,-4.48,-2.07,1.07,1.06,1.13
595.14,5.06,5.07,3.91,3.92,-4.02,-4.50,-2.03,1.04,1.05,1.15
601.09,5.24,5.25,4.08,4.08,-4.20,-4.50,-1.98,1.04,1.05,1.16
607.10,5.43,5.43,4.25,4.25,-4.30,-4.44,-1.94,1.13,1.13,1.18
613.17,5.59,5.61,4.39,4.41,-4.33,-4.35,-1.90,1.26,1.28,1.20
619.30,5.72,5.70,4.50,4.49,-4.27,-4.21,-1.85,1.45,1.43,1.22
625.50,5.68,5.66,4.44,4.43,-4.14,-4.04,-1.81,1.54,1.53,1.24
631.75,5.44,5.44,4.19,4.19,-3.93,-3.86,-1.77,1.51,1.51,1.25
638.07,4.99,5.00,3.72,3.73,-3.66,-3.66,-1.72,1.33,1.34,1.27
644.45,4.32,4.29,3.04,3.01,-3.33,-3.46,-1.68,0.99,0.96,1.28
650.89,3.38,3.32,2.08,2.02,-2.97,-3.25,-1.64,0.41,0.34,1.30
657.40,2.16,2.16,0.85,0.85,-2.61,-3.06,-1.60,-0.45,-0.45,1.31
663.98,0.90,0.93,-0.43,-0.39,-2.26,-2.87,-1.57,-1.36,-1.32,1.33
670.62,-0.16,-0.19,-1.50,-1.52,-1.94,-2.70,-1.53,-2.10,-2.13,1.34
677.32,-1.00,-0.95,-2.35,-2.30,-1.67,-2.53,-1.49,-2.67,-2.62,1.35
684.10,-1.41,-1.27,-2.77,-2.63,-1.41,-2.39,-1.46,-2.82,-2.68,1.36
690.94,-1.14,-1.18,-2.52,-2.56,-1.14,-2.25,-1.42,-2.28,-2.33,1.38
697.85,-0.75,-0.79,-2.14,-2.18,-0.85,-2.12,-1.39,-1.60,-1.64,1.39
704.83,-0.27,-0.27,-1.67,-1.67,-0.59,-2.01,-1.36,-0.86,-0.87,1.40
711.87,0.22,0.20,-1.19,-1.21,-0.38,-1.91,-1.33,-0.16,-0.18,1.41
718.99,0.65,0.64,-0.77,-0.78,-0.23,-1.82,-1.30,0.42,0.40,1.42
726.18,1.01,1.01,-0.42,-0.42,-0.16,-1.74,-1.27,0.85,0.85,1.43
733.44,1.33,1.33,-0.11,-0.11,-0.15,-1.67,-1.24,1.18,1.17,1.44
740.78,1.60,1.60,0.14,0.15,-0.22,-1.61,-1.21,1.38,1.39,1.46
748.19,1.86,1.86,0.39,0.40,-0.35,-1.56,-1.19,1.51,1.51,1.47
755.67,2.10,2.10,0.63,0.63,-0.53,-1.52,-1.16,1.57,1.57,1.47
763.23,2.33,2.33,0.85,0.86,-0.74,-1.49,-1.14,1.58,1.59,1.48
770.86,2.54,2.54,1.05,1.05,-0.98,-1.47,-1.11,1.56,1.56,1.49
778.57,2.73,2.72,1.23,1.23,-1.20,-1.46,-1.09,1.53,1.52,1.49
786.35,2.88,2.89,1.37,1.39,-1.39,-1.47,-1.07,1.49,1.50,1.50
794.22,3.04,3.04,1.53,1.53,-1.55,-1.48,-1.05,1.49,1.50,1.50
802.16,3.20,3.19,1.69,1.68,-1.69,-1.52,-1.03,1.51,1.50,1.51
810.18,3.33,3.34,1.81,1.82,-1.83,-1.56,-1.01,1.50,1.51,1.52
818.28,3.48,3.47,1.96,1.94,-1.96,-1.62,-0.99,1.52,1.51,1.52
826.46,3.59,3.59,2.06,2.06,-2.08,-1.69,-0.97,1.51,1.52,1.53
834.73,3.70,3.71,2.17,2.17,-2.17,-1.77,-0.95,1.53,1.54,1.53
843.08,3.81,3.81,2.27,2.27,-2.24,-1.86,-0.93,1.57,1.57,1.54
851.51,3.89,3.88,2.35,2.33,-2.29,-1.95,-0.92,1.60,1.59,1.54
860.02,3.91,3.90,2.36,2.35,-2.30,-2.04,-0.90,1.61,1.60,1.55
868.62,3.89,3.89,2.34,2.33,-2.30,-2.09,-0.88,1.59,1.59,1.55
877.31,3.84,3.85,2.28,2.28,-2.29,-2.13,-0.86,1.55,1.55,1.56
886.08,3.81,3.80,2.24,2.23,-2.29,-2.11,-0.84,1.52,1.51,1.57
894.94,3.75,3.76,2.17,2.18,-2.28,-2.07,-0.82,1.47,1.47,1.58
903.89,3.72,3.73,2.14,2.14,-2.28,-1.96,-0.80,1.44,1.45,1.58
912.93,3.72,3.72,2.13,2.13,-2.22,-1.84,-0.78,1.50,1.51,1.59
922.06,3.72,3.74,2.12,2.14,-2.10,-1.68,-0.76,1.62,1.64,1.60
931.28,3.72,3.72,2.12,2.11,-1.94,-1.51,-0.73,1.78,1.78,1.60
940.59,3.63,3.59,2.02,1.98,-1.72,-1.34,-0.71,1.91,1.87,1.61
950.00,3.31,3.32,1.69,1.70,-1.46,-1.17,-0.68,1.85,1.87,1.62
959.50,2.87,2.83,1.24,1.20,-1.15,-1.02,-0.66,1.72,1.68,1.63
969.09,2.22,2.17,0.57,0.52,-0.82,-0.87,-0.63,1.40,1.36,1.65
978.78,1.38,1.43,-0.28,-0.23,-0.42,-0.74,-0.60,0.96,1.01,1.66
988.57,0.69,0.66,-0.98,-1.02,-0.02,-0.61,-0.57,0.67,0.64,1.67
998.46,0.07,0.06,-1.62,-1.64,0.34,-0.50,-0.54,0.41,0.40,1.69
1008.44,-0.38,-0.26,-2.09,-1.97,0.62,-0.39,-0.50,0.24,0.37,1.71
1018.53,-0.29,-0.29,-2.02,-2.02,0.80,-0.30,-0.47,0.51,0.52,1.73
1028.71,-0.01,-0.05,-1.76,-1.80,0.88,-0.21,-0.43,0.87,0.83,1.75
1039.00,0.34,0.34,-1.43,-1.43,0.89,-0.13,-0.39,1.23,1.23,1.77
1049.39,0.73,0.72,-1.06,-1.07,0.86,-0.05,-0.35,1.59,1.58,1.79
1059.88,1.07,1.06,-0.74,-0.76,0.79,0.02,-0.31,1.86,1.84,1.81
1070.48,1.33,1.32,-0.51,-0.52,0.68,0.09,-0.27,2.01,2.00,1.84
1081.19,1.50,1.50,-0.37,-0.38,0.56,0.16,-0.22,2.06,2.06,1.87
1092.00,1.61,1.60,-0.29,-0.31,0.45,0.22,-0.17,2.05,2.04,1.90
1102.92,1.62,1.64,-0.31,-0.29,0.36,0.28,-0.13,1.98,2.00,1.93
1113.95,1.67,1.67,-0.29,-0.30,0.31,0.34,-0.08,1.98,1.98,1.96
1125.09,1.67,1.66,-0.33,-0.34,0.33,0.40,-0.02,2.00,1.99,2.00
1136.34,1.67,1.65,-0.37,-0.39,0.36,0.46,0.03,2.03,2.02,2.04
1147.70,1.62,1.64,-0.47,-0.45,0.39,0.52,0.08,2.01,2.03,2.09
1159.18,1.66,1.66,-0.47,-0.47,0.41,0.57,0.14,2.07,2.07,2.13
1170.77,1.71,1.72,-0.46,-0.46,0.40,0.63,0.19,2.11,2.12,2.17
1182.48,1.82,1.81,-0.40,-0.41,0.37,0.69,0.25,2.19,2.18,2.22
1194.30,1.91,1.91,-0.36,-0.36,0.33,0.74,0.31,2.24,2.24,2.27
1206.25,2.02,2.02,-0.30,-0.31,0.28,0.80,0.37,2.30,2.30,2.32
1218.31,2.10,2.12,-0.28,-0.26,0.25,0.86,0.43,2.35,2.37,2.38
1230.49,2.21,2.21,-0.22,-0.22,0.24,0.92,0.50,2.45,2.45,2.43
1242.80,2.27,2.25,-0.21,-0.23,0.29,0.98,0.56,2.56,2.54,2.48
1255.22,2.23,2.23,-0.31,-0.31,0.40,1.04,0.62,2.63,2.63,2.54
1267.78,2.11,2.11,-0.49,-0.49,0.59,1.10,0.69,2.70,2.70,2.60
1280.45,1.92,1.91,-0.74,-0.75,0.87,1.16,0.76,2.78,2.78,2.66
1293.26,1.64,1.64,-1.09,-1.09,1.20,1.23,0.83,2.84,2.84,2.73
1306.19,1.32,1.30,-1.47,-1.50,1.58,1.29,0.90,2.90,2.88,2.79
1319.25,0.92,0.92,-1.94,-1.94,1.96,1.36,0.97,2.88,2.88,2.86
1332.45,0.54,0.54,-2.39,-2.39,2.30,1.43,1.04,2.84,2.84,2.93
1345.77,0.25,0.24,-2.75,-2.77,2.57,1.50,1.11,2.82,2.81,3.00
1359.23,0.02,0.08,-3.05,-3.00,2.76,1.58,1.18,2.78,2.84,3.07
1372.82,0.08,0.09,-3.07,-3.06,2.87,1.65,1.26,2.95,2.96,3.15
1386.55,0.26,0.25,-2.96,-2.97,2.89,1.73,1.34,3.15,3.14,3.22
1400.41,0.50,0.49,-2.79,-2.80,2.84,1.81,1.41,3.34,3.34,3.29
1414.42,0.74,0.73,-2.62,-2.63,2.75,1.89,1.49,3.49,3.48,3.36
1428.56,0.94,0.93,-2.50,-2.51,2.64,1.98,1.57,3.58,3.57,3.44
1442.85,1.08,1.07,-2.43,-2.44,2.54,2.06,1.65,3.62,3.61,3.51
1457.28,1.16,1.16,-2.42,-2.42,2.47,2.15,1.74,3.63,3.63,3.58
1471.85,1.21,1.21,-2.44,-2.44,2.44,2.24,1.82,3.65,3.66,3.65
1486.57,1.25,1.26,-2.47,-2.46,2.45,2.34,1.91,3.70,3.71,3.72
1501.43,1.30,1.29,-2.50,-2.51,2.49,2.43,1.99,3.79,3.79,3.80
1516.45,1.34,1.33,-2.55,-2.56,2.54,2.53,2.08,3.88,3.87,3.89
1531.61,1.34,1.35,-2.63,-2.62,2.60,2.63,2.17,3.94,3.96,3.97
1546.93,1.39,1.38,-2.67,-2.68,2.66,2.74,2.26,4.05,4.04,4.06
1562.40,1.39,1.40,-2.76,-2.75,2.72,2.84,2.35,4.11,4.12,4.15
1578.02,1.44,1.43,-2.80,-2.81,2.79,2.95,2.44,4.23,4.21,4.24
1593.80,1.44,1.45,-2.88,-2.88,2.86,3.06,2.53,4.30,4.31,4.32
1609.74,1.47,1.47,-2.95,-2.95,2.95,3.17,2.62,4.42,4.42,4.42
1625.84,1.48,1.47,-3.04,-3.04,3.06,3.28,2.71,4.54,4.54,4.52
1642.10,1.46,1.46,-3.16,-3.17,3.21,3.39,2.80,4.67,4.67,4.62
1658.52,1.40,1.40,-3.33,-3.33,3.40,3.50,2.89,4.80,4.80,4.73
1675.10,1.30,1.29,-3.53,-3.54,3.63,3.61,2.98,4.93,4.92,4.83
1691.85,1.14,1.14,-3.79,-3.80,3.88,3.72,3.07,5.02,5.02,4.93
1708.77,0.96,0.96,-4.08,-4.08,4.14,3.83,3.16,5.10,5.10,5.04
1725.86,0.77,0.76,-4.38,-4.39,4.37,3.93,3.24,5.14,5.13,5.15
1743.12,0.62,0.60,-4.65,-4.67,4.56,4.03,3.32,5.18,5.16,5.27
1760.55,0.48,0.53,-4.90,-4.85,4.69,4.13,3.41,5.17,5.22,5.38
1778.15,0.57,0.57,-4.93,-4.93,4.75,4.22,3.48,5.32,5.33,5.50
1795.94,0.75,0.75,-4.86,-4.86,4.75,4.30,3.56,5.50,5.50,5.61
1813.90,1.01,1.02,-4.72,-4.71,4.68,4.38,3.62,5.69,5.70,5.73
1832.03,1.34,1.31,-4.51,-4.54,4.58,4.45,3.69,5.92,5.89,5.85
1850.36,1.59,1.59,-4.39,-4.38,4.47,4.50,3.75,6.06,6.06,5.98
1868.86,1.84,1.84,-4.26,-4.26,4.37,4.55,3.80,6.21,6.21,6.10
1887.55,2.02,2.03,-4.20,-4.20,4.32,4.59,3.85,6.34,6.34,6.22
1906.42,2.17,2.15,-4.17,-4.19,4.31,4.61,3.89,6.48,6.46,6.34
1925.49,2.21,2.19,-4.26,-4.28,4.36,4.62,3.92,6.57,6.55,6.47
1944.74,2.18,2.19,-4.42,-4.41,4.43,4.62,3.95,6.61,6.62,6.60
1964.19,2.14,2.16,-4.59,-4.57,4.52,4.61,3.97,6.66,6.68,6.73
1983.83,2.18,2.17,-4.67,-4.68,4.59,4.58,3.99,6.77,6.77,6.85
2003.67,2.23,2.23,-4.75,-4.74,4.65,4.54,3.99,6.88,6.88,6.98
2023.71,2.35,2.35,-4.73,-4.73,4.66,4.49,3.99,7.01,7.01,7.08
2043.94,2.51,2.51,-4.68,-4.68,4.63,4.42,3.97,7.14,7.14,7.19
2064.38,2.72,2.73,-4.58,-4.57,4.56,4.34,3.96,7.28,7.28,7.30
2085.03,2.97,2.97,-4.43,-4.44,4.45,4.25,3.93,7.42,7.42,7.40
2105.88,3.24,3.23,-4.27,-4.28,4.33,4.16,3.90,7.57,7.55,7.51
2126.94,3.47,3.48,-4.14,-4.14,4.19,4.05,3.86,7.66,7.67,7.61
2148.20,3.72,3.71,-4.00,-4.01,4.06,3.93,3.82,7.78,7.77,7.72
2169.69,3.93,3.93,-3.89,-3.89,3.92,3.81,3.76,7.85,7.84,7.82
2191.38,4.14,4.15,-3.78,-3.78,3.78,3.68,3.71,7.92,7.93,7.92
2213.30,4.36,4.37,-3.66,-3.66,3.64,3.54,3.64,8.00,8.01,8.02
2235.43,4.62,4.61,-3.51,-3.52,3.49,3.40,3.58,8.11,8.10,8.13
2257.78,4.87,4.88,-3.36,-3.35,3.32,3.25,3.51,8.19,8.20,8.23
2280.36,5.16,5.17,-3.16,-3.16,3.13,3.10,3.43,8.29,8.30,8.32
2303.17,5.48,5.47,-2.94,-2.95,2.93,2.95,3.35,8.41,8.41,8.42
2326.20,5.80,5.80,-2.72,-2.72,2.72,2.79,3.28,8.52,8.52,8.52
2349.46,6.13,6.13,-2.49,-2.48,2.49,2.63,3.19,8.62,8.62,8.62
2372.95,6.46,6.45,-2.24,-2.25,2.27,2.47,3.11,8.73,8.72,8.70
2396.68,6.76,6.76,-2.02,-2.02,2.04,2.30,3.02,8.80,8.80,8.78
2420.65,7.05,7.05,-1.80,-1.80,1.82,2.13,2.94,8.87,8.87,8.85
2444.86,7.33,7.33,-1.60,-1.60,1.60,1.96,2.85,8.93,8.93,8.93
2469.31,7.60,7.60,-1.40,-1.41,1.39,1.79,2.76,8.99,8.99,9.00
2494.00,7.86,7.86,-1.22,-1.22,1.20,1.61,2.68,9.06,9.06,9.08
2518.94,8.12,8.12,-1.03,-1.02,1.01,1.43,2.59,9.13,9.13,9.15
2544.13,8.37,8.38,-0.84,-0.84,0.84,1.26,2.50,9.21,9.22,9.21
2569.57,8.63,8.62,-0.64,-0.66,0.68,1.08,2.42,9.31,9.30,9.27
2595.27,8.83,8.83,-0.51,-0.51,0.54,0.90,2.33,9.37,9.37,9.34
2621.22,9.02,9.01,-0.38,-0.39,0.41,0.73,2.25,9.43,9.42,9.40
2647.43,9.16,9.17,-0.30,-0.29,0.30,0.55,2.16,9.46,9.47,9.46
2673.90,9.31,9.31,-0.21,-0.21,0.20,0.39,2.08,9.51,9.51,9.52
2700.64,9.46,9.45,-0.11,-0.13,0.10,0.23,2.00,9.56,9.55,9.57
2727.65,9.58,9.59,-0.05,-0.04,0.02,0.08,1.92,9.60,9.61,9.63
2754.93,9.73,9.73,0.05,0.05,-0.06,-0.05,1.84,9.67,9.67,9.68
2782.48,9.88,9.87,0.15,0.14,-0.14,-0.17,1.76,9.74,9.73,9.73
2810.30,10.00,10.00,0.22,0.22,-0.22,-0.26,1.68,9.78,9.78,9.78
2838.40,10.12,10.12,0.30,0.30,-0.30,-0.34,1.61,9.82,9.82,9.82
2866.79,10.23,10.23,0.38,0.37,-0.38,-0.40,1.53,9.85,9.85,9.85
2895.46,10.34,10.34,0.45,0.46,-0.46,-0.44,1.46,9.88,9.88,9.89
2924.41,10.45,10.45,0.53,0.53,-0.53,-0.46,1.39,9.92,9.92,9.92
2953.65,10.56,10.56,0.61,0.60,-0.61,-0.46,1.32,9.95,9.95,9.95
2983.19,10.65,10.65,0.66,0.67,-0.67,-0.44,1.25,9.98,9.99,9.99
3013.02,10.75,10.74,0.73,0.72,-0.72,-0.42,1.18,10.03,10.02,10.02
3043.15,10.82,10.82,0.76,0.76,-0.77,-0.38,1.11,10.05,10.05,10.06
3073.58,10.89,10.90,0.80,0.81,-0.79,-0.33,1.05,10.10,10.11,10.09
3104.32,10.95,10.95,0.82,0.82,-0.80,-0.28,0.99,10.15,10.15,10.13
3135.36,11.00,10.98,0.84,0.82,-0.78,-0.23,0.92,10.22,10.19,10.16
3166.72,10.95,10.97,0.76,0.78,-0.75,-0.18,0.86,10.20,10.22,10.19
3198.38,10.94,10.93,0.74,0.73,-0.71,-0.13,0.80,10.23,10.22,10.20
3230.37,10.88,10.88,0.66,0.66,-0.67,-0.07,0.74,10.21,10.21,10.22
3262.67,10.82,10.82,0.59,0.59,-0.62,-0.03,0.69,10.20,10.20,10.23
3295.30,10.77,10.77,0.52,0.53,-0.58,0.02,0.63,10.19,10.20,10.25
3328.25,10.74,10.76,0.48,0.50,-0.54,0.06,0.57,10.20,10.22,10.26
3361.53,10.77,10.76,0.50,0.49,-0.50,0.10,0.52,10.27,10.25,10.27
3395.15,10.77,10.75,0.50,0.48,-0.47,0.14,0.47,10.30,10.29,10.27
3429.10,10.72,10.73,0.45,0.47,-0.43,0.18,0.42,10.29,10.30,10.27
3463.39,10.70,10.69,0.44,0.43,-0.40,0.21,0.37,10.30,10.30,10.26
3498.03,10.63,10.63,0.37,0.37,-0.35,0.24,0.33,10.28,10.29,10.26
3533.01,10.57,10.56,0.31,0.31,-0.29,0.26,0.28,10.28,10.27,10.26
3568.34,10.47,10.47,0.22,0.23,-0.22,0.29,0.24,10.25,10.25,10.25
3604.02,10.38,10.37,0.16,0.15,-0.15,0.31,0.20,10.23,10.22,10.22
3640.06,10.27,10.27,0.07,0.07,-0.09,0.33,0.16,10.18,10.18,10.20
3676.46,10.17,10.18,-0.01,-0.00,-0.03,0.35,0.13,10.14,10.15,10.18
3713.22,10.09,10.10,-0.06,-0.06,0.02,0.37,0.09,10.11,10.12,10.15
3750.36,10.04,10.03,-0.09,-0.09,0.06,0.39,0.06,10.10,10.09,10.13
3787.86,9.98,9.98,-0.11,-0.11,0.10,0.40,0.04,10.08,10.08,10.09
3825.74,9.91,9.92,-0.14,-0.13,0.15,0.42,0.01,10.06,10.07,10.05
3864.00,9.86,9.85,-0.15,-0.16,0.20,0.43,-0.01,10.06,10.05,10.01
3902.64,9.76,9.76,-0.21,-0.22,0.27,0.45,-0.03,10.03,10.03,9.97
3941.66,9.64,9.64,-0.30,-0.30,0.34,0.46,-0.05,9.98,9.98,9.94
3981.08,9.49,9.48,-0.41,-0.42,0.43,0.48,-0.06,9.92,9.91,9.90
4020.89,9.31,9.32,-0.54,-0.53,0.52,0.50,-0.07,9.83,9.84,9.85
4061.10,9.15,9.15,-0.64,-0.64,0.61,0.51,-0.08,9.76,9.76,9.79
4101.71,9.01,9.00,-0.72,-0.73,0.69,0.53,-0.08,9.70,9.70,9.73
4142.73,8.87,8.88,-0.81,-0.80,0.77,0.55,-0.08,9.64,9.64,9.68
4184.15,8.77,8.77,-0.85,-0.85,0.82,0.57,-0.08,9.59,9.60,9.62
4226.00,8.69,8.68,-0.87,-0.88,0.87,0.59,-0.07,9.56,9.56,9.56
4268.26,8.60,8.61,-0.90,-0.89,0.91,0.62,-0.07,9.50,9.51,9.50
4310.94,8.53,8.52,-0.89,-0.91,0.93,0.64,-0.06,9.46,9.45,9.42
4354.05,8.42,8.41,-0.92,-0.93,0.96,0.67,-0.04,9.38,9.37,9.34
4397.59,8.29,8.30,-0.98,-0.97,0.97,0.71,-0.03,9.26,9.28,9.27
4441.56,8.19,8.19,-1.00,-1.00,0.99,0.74,-0.01,9.18,9.18,9.19
4485.98,8.08,8.08,-1.03,-1.03,1.00,0.79,0.01,9.08,9.08,9.11
4530.84,7.99,7.99,-1.04,-1.04,1.02,0.84,0.03,9.01,9.00,9.03
4576.15,7.88,7.89,-1.06,-1.05,1.03,0.89,0.05,8.91,8.92,8.94
4621.91,7.82,7.81,-1.04,-1.05,1.04,0.95,0.08,8.86,8.85,8.86
4668.13,7.70,7.71,-1.07,-1.06,1.07,1.03,0.10,8.77,8.77,8.77
4714.81,7.60,7.59,-1.08,-1.09,1.10,1.11,0.13,8.70,8.70,8.68
4761.96,7.45,7.45,-1.15,-1.14,1.16,1.21,0.16,8.61,8.61,8.60
4809.58,7.28,7.28,-1.22,-1.22,1.25,1.32,0.19,8.53,8.53,8.50
4857.67,7.07,7.07,-1.34,-1.34,1.37,1.46,0.22,8.44,8.44,8.41
4906.25,6.83,6.82,-1.49,-1.49,1.53,1.61,0.26,8.36,8.35,8.32
4955.31,6.54,6.54,-1.68,-1.68,1.71,1.79,0.29,8.25,8.25,8.22
5004.87,6.20,6.21,-1.93,-1.92,1.93,1.98,0.33,8.13,8.14,8.13
5054.91,5.86,5.84,-2.19,-2.21,2.19,2.22,0.36,8.05,8.03,8.05
5105.46,5.43,5.44,-2.54,-2.53,2.48,2.46,0.40,7.91,7.92,7.97
5156.52,5.01,5.01,-2.89,-2.89,2.77,2.73,0.44,7.78,7.78,7.90
5208.08,4.57,4.55,-3.25,-3.27,3.03,2.99,0.47,7.60,7.59,7.82
5260.16,4.11,4.12,-3.63,-3.63,3.24,3.21,0.51,7.35,7.36,7.74
5312.77,3.68,3.69,-3.98,-3.97,3.38,3.40,0.55,7.06,7.08,7.66
5365.89,3.35,3.32,-4.23,-4.26,3.45,3.46,0.59,6.80,6.77,7.58
5419.55,3.05,3.06,-4.45,-4.44,3.43,3.48,0.64,6.48,6.49,7.50
5473.75,2.91,2.95,-4.52,-4.48,3.34,3.34,0.68,6.25,6.29,7.43
5528.49,3.00,3.01,-4.35,-4.34,3.17,3.17,0.72,6.17,6.18,7.35
5583.77,3.26,3.27,-4.01,-4.01,2.93,2.92,0.77,6.19,6.20,7.27
5639.61,3.65,3.69,-3.56,-3.52,2.65,2.66,0.81,6.30,6.34,7.21
5696.00,4.17,4.18,-2.97,-2.96,2.37,2.41,0.86,6.54,6.55,7.14
5752.96,4.72,4.70,-2.36,-2.38,2.11,2.16,0.90,6.83,6.81,7.08
5810.49,5.11,5.13,-1.91,-1.89,1.90,1.95,0.95,7.01,7.03,7.02
5868.60,5.47,5.40,-1.49,-1.57,1.70,1.75,1.00,7.17,7.09,6.96
5927.28,5.50,5.47,-1.40,-1.43,1.49,1.60,1.05,6.99,6.96,6.90
5986.56,5.45,5.48,-1.38,-1.36,1.28,1.45,1.10,6.72,6.75,6.83
6046.42,5.42,5.48,-1.33,-1.28,1.06,1.34,1.15,6.48,6.54,6.75
6106.89,5.62,5.59,-1.04,-1.08,0.87,1.23,1.20,6.49,6.46,6.66
6167.96,5.81,5.80,-0.76,-0.77,0.71,1.15,1.26,6.52,6.52,6.57
6229.64,6.08,6.00,-0.40,-0.48,0.60,1.08,1.31,6.68,6.61,6.48
6291.93,6.27,6.08,-0.12,-0.32,0.55,1.02,1.37,6.82,6.62,6.39
6354.85,6.16,6.00,-0.15,-0.32,0.54,0.97,1.43,6.70,6.54,6.31
6418.40,5.96,5.77,-0.27,-0.47,0.59,0.93,1.48,6.55,6.37,6.23
6482.58,5.69,5.45,-0.47,-0.72,0.72,0.89,1.54,6.41,6.17,6.16
6547.41,5.39,5.12,-0.69,-0.97,0.91,0.86,1.60,6.30,6.03,6.08
6612.88,5.10,4.80,-0.90,-1.22,1.14,0.84,1.66,6.24,5.93,6.00
6679.01,4.84,4.49,-1.08,-1.45,1.38,0.82,1.72,6.22,5.86,5.92
6745.80,4.59,4.21,-1.25,-1.64,1.59,0.80,1.78,6.18,5.80,5.84
6813.26,4.38,3.95,-1.37,-1.80,1.77,0.79,1.84,6.15,5.73,5.75
6881.39,4.20,3.73,-1.45,-1.93,1.91,0.78,1.90,6.11,5.64,5.65
6950.21,4.05,3.54,-1.51,-2.02,2.00,0.78,1.96,6.05,5.54,5.56
7019.71,3.95,3.38,-1.52,-2.08,2.06,0.78,2.02,6.01,5.44,5.47
7089.91,3.87,3.26,-1.51,-2.10,2.09,0.78,2.08,5.96,5.34,5.38
7160.81,3.91,3.16,-1.37,-2.09,2.09,0.78,2.14,6.00,5.25,5.28
7232.41,3.96,3.07,-1.21,-2.06,2.07,0.78,2.19,6.03,5.14,5.17
7304.74,3.99,2.99,-1.07,-2.03,2.04,0.79,2.24,6.03,5.03,5.06
7377.79,4.07,2.92,-0.88,-1.99,2.00,0.80,2.29,6.07,4.92,4.95
7451.56,4.16,2.84,-0.68,-1.94,1.95,0.81,2.34,6.11,4.80,4.84
7526.08,4.34,2.77,-0.39,-1.90,1.91,0.82,2.38,6.25,4.68,4.73
7601.34,4.56,2.69,-0.07,-1.86,1.87,0.83,2.42,6.43,4.56,4.63
7677.35,4.86,2.60,0.33,-1.83,1.83,0.85,2.45,6.69,4.43,4.53
7754.13,5.18,2.51,0.75,-1.80,1.80,0.86,2.48,6.98,4.31,4.43
7831.67,5.56,2.41,1.23,-1.77,1.78,0.88,2.51,7.34,4.19,4.33
7909.98,5.93,2.31,1.70,-1.76,1.76,0.90,2.53,7.69,4.06,4.23
7989.08,6.20,2.19,2.07,-1.75,1.75,0.92,2.54,7.95,3.94,4.13
8068.98,6.45,2.07,2.43,-1.74,1.74,0.94,2.55,8.19,3.81,4.02
8149.67,6.51,1.94,2.60,-1.75,1.75,0.97,2.55,8.26,3.69,3.91
8231.16,6.38,1.81,2.59,-1.75,1.75,0.99,2.54,8.13,3.56,3.79
8313.47,6.13,1.67,2.45,-1.77,1.76,1.01,2.53,7.89,3.43,3.68
8396.61,5.74,1.52,2.17,-1.78,1.78,1.04,2.52,7.52,3.30,3.57
8480.57,5.20,1.38,1.74,-1.80,1.80,1.07,2.50,7.00,3.18,3.46
8565.38,4.50,1.23,1.17,-1.83,1.83,1.10,2.47,6.33,3.05,3.33
8651.03,3.69,1.07,0.49,-1.86,1.85,1.13,2.44,5.54,2.93,3.20
8737.54,2.79,0.91,-0.28,-1.89,1.89,1.16,2.41,4.68,2.80,3.07
8824.92,1.73,0.75,-1.21,-1.93,1.92,1.19,2.37,3.65,2.67,2.94
8913.17,0.41,0.58,-2.40,-1.97,1.97,1.22,2.33,2.38,2.55,2.81
9002.30,-1.11,0.41,-3.80,-2.02,2.02,1.26,2.29,0.91,2.43,2.69
9092.32,-2.79,0.23,-5.33,-2.08,2.08,1.29,2.25,-0.71,2.31,2.54
9183.25,-4.45,0.05,-6.84,-2.14,2.15,1.33,2.20,-2.30,2.19,2.39
9275.08,-6.52,-0.15,-8.76,-2.22,2.23,1.36,2.16,-4.29,2.08,2.24
9367.83,-8.37,-0.36,-10.47,-2.31,2.32,1.40,2.11,-6.05,1.97,2.10
9461.51,-9.91,-0.58,-11.86,-2.42,2.44,1.44,2.07,-7.47,1.86,1.95
9556.12,-11.41,-0.81,-13.20,-2.54,2.57,1.48,2.02,-8.84,1.76,1.79
9651.68,-12.39,-1.05,-14.00,-2.67,2.70,1.52,1.98,-9.69,1.66,1.61
9748.20,-12.72,-1.29,-14.16,-2.81,2.84,1.56,1.93,-9.88,1.54,1.44
9845.68,-11.94,-1.55,-13.20,-2.96,2.96,1.60,1.89,-8.98,1.41,1.26
9944.14,-10.74,-1.80,-11.83,-3.11,3.07,1.64,1.85,-7.67,1.27,1.09
10043.58,-9.35,-2.06,-10.27,-3.27,3.16,1.68,1.81,-6.19,1.10,0.92
10144.02,-7.53,-2.23,-8.28,-3.27,3.22,1.72,1.78,-4.31,0.99,0.75
10245.46,-5.84,-2.40,-6.42,-3.27,3.27,1.77,1.74,-2.57,0.87,0.58
10347.91,-4.63,-2.58,-5.04,-3.27,3.29,1.81,1.71,-1.34,0.72,0.41
10451.39,-3.53,-2.76,-3.77,-3.27,3.30,1.85,1.68,-0.23,0.55,0.24
10555.91,-2.78,-2.93,-2.85,-3.27,3.29,1.90,1.66,0.51,0.36,0.07
10661.46,-2.42,-3.11,-2.31,-3.27,3.28,1.94,1.63,0.86,0.17,-0.11
10768.08,-2.12,-3.29,-1.81,-3.26,3.26,1.98,1.61,1.14,-0.03,-0.31
10875.76,-1.90,-3.47,-1.40,-3.26,3.26,2.03,1.60,1.36,-0.22,-0.50
10984.52,-1.81,-3.66,-1.11,-3.25,3.25,2.07,1.58,1.44,-0.40,-0.70
11094.36,-1.70,-3.84,-0.80,-3.24,3.24,2.11,1.57,1.54,-0.60,-0.90
11205.31,-1.62,-4.03,-0.53,-3.24,3.24,2.15,1.56,1.62,-0.79,-1.09
11317.36,-1.56,-4.21,-0.25,-3.23,3.23,2.20,1.56,1.67,-0.98,-1.31
11430.53,-1.52,-4.40,0.01,-3.22,3.22,2.24,1.56,1.70,-1.18,-1.53
11544.84,-1.43,-4.59,0.31,-3.21,3.21,2.28,1.56,1.78,-1.38,-1.74
11660.29,-1.38,-4.78,0.58,-3.19,3.19,2.32,1.57,1.81,-1.59,-1.96
11776.89,-1.40,-4.97,0.78,-3.18,3.18,2.36,1.58,1.78,-1.79,-2.18
11894.66,-1.50,-5.17,0.87,-3.17,3.17,2.40,1.59,1.67,-2.00,-2.37
12013.60,-1.58,-5.36,0.99,-3.15,3.15,2.44,1.61,1.57,-2.21,-2.57
12133.74,-1.63,-5.56,1.13,-3.14,3.14,2.48,1.64,1.51,-2.42,-2.76
12255.08,-1.59,-5.76,1.36,-3.12,3.12,2.51,1.66,1.53,-2.64,-2.95
12377.63,-1.56,-5.95,1.58,-3.10,3.10,2.55,1.70,1.54,-2.85,-3.14
12501.41,-1.53,-6.16,1.80,-3.08,3.08,2.58,1.73,1.55,-3.07,-3.33
12626.42,-1.55,-6.36,1.97,-3.06,3.06,2.62,1.78,1.51,-3.29,-3.52
12752.68,-1.66,-6.56,2.05,-3.04,3.04,2.65,1.83,1.38,-3.52,-3.71
12880.21,-1.85,-6.76,2.05,-3.02,3.02,2.68,1.89,1.17,-3.75,-3.90
13009.01,-2.09,-6.97,2.00,-3.00,3.00,2.71,1.95,0.91,-3.97,-4.09
13139.10,-2.53,-7.18,1.75,-2.97,2.97,2.74,2.02,0.44,-4.21,-4.28
13270.49,-3.15,-7.39,1.31,-2.95,2.95,2.77,2.10,-0.20,-4.44,-4.46
13403.20,-3.93,-7.60,0.68,-2.92,2.92,2.80,2.19,-1.01,-4.68,-4.61
13537.23,-4.95,-7.81,-0.18,-2.89,2.89,2.83,2.29,-2.06,-4.91,-4.77
13672.60,-6.14,-8.02,-1.21,-2.86,2.86,2.85,2.40,-3.28,-5.16,-4.93
13809.33,-7.49,-8.23,-2.40,-2.84,2.84,2.88,2.51,-4.66,-5.40,-5.09
13947.42,-8.83,-8.45,-3.58,-2.80,2.80,2.90,2.65,-6.03,-5.64,-5.25
14086.90,-10.21,-8.67,-4.81,-2.77,2.77,2.92,2.79,-7.44,-5.89,-5.40
14227.77,-11.91,-8.88,-6.38,-2.74,2.74,2.94,2.94,-9.17,-6.14,-5.53
14370.04,-13.42,-9.10,-7.75,-2.71,2.71,2.96,3.11,-10.71,-6.39,-5.67
14513.74,-14.30,-9.32,-8.49,-2.67,2.67,2.98,3.29,-11.63,-6.65,-5.81
14658.88,-15.29,-9.55,-9.35,-2.64,2.64,3.00,3.48,-12.65,-6.91,-5.94
14805.47,-15.61,-9.77,-9.53,-2.60,2.60,3.02,3.68,-13.01,-7.17,-6.08
14953.52,-15.61,-9.99,-9.39,-2.56,2.56,3.03,3.89,-13.05,-7.43,-6.22
15103.06,-15.61,-10.22,-9.22,-2.53,2.53,3.05,4.10,-13.08,-7.69,-6.39
15254.09,-15.61,-10.45,-9.04,-2.49,2.49,3.06,4.30,-13.12,-7.96,-6.57
15406.63,-15.61,-10.68,-8.86,-2.45,2.45,3.07,4.49,-13.16,-8.23,-6.75
15560.70,-15.61,-10.91,-8.67,-2.40,2.40,3.08,4.66,-13.21,-8.50,-6.94
15716.30,-15.61,-11.14,-8.49,-2.36,2.36,3.09,4.78,-13.25,-8.78,-7.12
15873.47,-15.61,-11.37,-8.31,-2.32,2.32,3.10,4.86,-13.29,-9.05,-7.30
16032.20,-15.61,-11.60,-8.10,-2.27,2.27,3.11,4.86,-13.34,-9.33,-7.51
16192.52,-15.61,-11.84,-7.81,-2.23,2.23,3.12,4.81,-13.38,-9.61,-7.80
16354.45,-15.61,-12.08,-7.52,-2.18,2.18,3.13,4.66,-13.43,-9.90,-8.09
16517.99,-15.61,-12.32,-7.23,-2.13,2.13,3.14,4.48,-13.48,-10.18,-8.38
16683.17,-15.61,-12.55,-6.94,-2.09,2.09,3.14,4.22,-13.53,-10.47,-8.67
16850.01,-15.61,-12.80,-6.65,-2.04,2.04,3.15,3.93,-13.57,-10.76,-8.96
17018.51,-15.61,-13.04,-6.34,-1.98,1.98,3.16,3.61,-13.63,-11.05,-9.27
17188.69,-15.61,-13.28,-5.86,-1.93,1.93,3.16,3.28,-13.68,-11.35,-9.75
17360.58,-15.61,-13.53,-5.39,-1.88,1.88,3.17,2.95,-13.73,-11.65,-10.22
17534.18,-15.61,-13.77,-4.91,-1.83,1.83,3.17,2.63,-13.78,-11.95,-10.70
17709.53,-15.61,-14.02,-4.44,-1.77,1.77,3.17,2.33,-13.84,-12.25,-11.17
17886.62,-15.61,-14.27,-3.96,-1.72,1.72,3.18,2.04,-13.89,-12.55,-11.65
18065.49,-15.58,-14.52,-3.36,-1.66,1.66,3.18,1.79,-13.92,-12.86,-12.22
18246.14,-14.99,-14.77,-2.03,-1.60,1.60,3.18,1.55,-13.39,-13.17,-12.96
18428.60,-14.52,-15.03,-0.82,-1.54,1.54,3.18,1.35,-12.98,-13.48,-13.70
18612.89,-13.56,-15.28,0.89,-1.48,1.48,3.18,1.15,-12.08,-13.80,-14.45
18799.02,-12.52,-15.54,2.67,-1.42,1.42,3.19,0.99,-11.10,-14.11,-15.19
18987.01,-11.69,-15.79,4.24,-1.36,1.36,3.19,0.84,-10.33,-14.43,-15.93
19176.88,-10.93,-16.05,6.04,-1.30,1.30,3.19,0.71,-9.63,-14.75,-16.97
19368.65,-10.34,-16.31,7.70,-1.23,1.23,3.19,0.59,-9.11,-15.08,-18.04
19562.33,-9.97,-16.57,9.13,-1.17,1.17,3.19,0.49,-8.80,-15.40,-19.10
19757.96,-9.78,-16.83,10.39,-1.10,1.10,3.19,0.39,-8.68,-15.73,-20.17
19955.54,-9.69,-17.10,11.54,-1.04,1.04,3.19,0.29,-8.65,-16.06,-21.23
