equalization,equalized_raw,equalized_smoothed,error,error_smoothed,frequency,parametric_eq,raw,smoothed,target
2.89,7.61,7.62,-2.90,-2.89,20,0.81,4.73,4.73,7.62
2.74,7.60,7.61,-2.75,-2.74,21,0.93,4.87,4.88,7.61
2.59,7.61,7.60,-2.59,-2.59,22,1.07,5.02,5.01,7.60
2.45,7.60,7.59,-2.45,-2.45,23,1.22,5.15,5.14,7.59
2.32,7.60,7.58,-2.30,-2.32,24,1.37,5.28,5.26,7.58
2.20,7.59,7.57,-2.18,-2.20,25,1.53,5.39,5.37,7.57
2.08,7.56,7.56,-2.08,-2.08,26,1.68,5.48,5.47,7.56
1.97,7.54,7.54,-1.97,-1.97,27,1.83,5.57,5.57,7.54
1.87,7.53,7.53,-1.86,-1.87,28,1.95,5.67,5.66,7.53
1.77,7.53,7.51,-1.75,-1.77,29,2.04,5.76,5.74,7.51
1.68,7.48,7.49,-1.69,-1.68,30,2.09,5.81,5.81,7.49
1.59,7.49,7.47,-1.58,-1.59,31,2.11,5.90,5.88,7.47
1.51,7.46,7.45,-1.51,-1.51,32,2.09,5.95,5.94,7.45
1.43,7.42,7.43,-1.45,-1.43,33,2.03,5.99,6.00,7.43
1.36,7.40,7.41,-1.37,-1.36,34,1.95,6.04,6.05,7.41
1.29,7.38,7.39,-1.30,-1.29,35,1.84,6.09,6.10,7.39
1.22,7.35,7.36,-1.24,-1.22,36,1.72,6.13,6.14,7.36
1.16,7.33,7.34,-1.16,-1.16,37,1.60,6.18,6.18,7.34
1.09,7.32,7.31,-1.08,-1.09,38,1.47,6.23,6.22,7.31
1.03,7.30,7.28,-1.02,-1.03,39,1.35,6.27,6.25,7.28
0.97,7.23,7.25,-0.99,-0.97,40,1.23,6.27,6.28,7.25
0.91,7.23,7.22,-0.91,-0.91,41,1.11,6.32,6.31,7.22
0.85,7.21,7.19,-0.83,-0.85,42,1.00,6.36,6.34,7.19
0.79,7.16,7.16,-0.79,-0.79,43,0.90,6.37,6.36,7.16
0.74,7.11,7.12,-0.75,-0.74,44,0.80,6.38,6.39,7.12
0.68,7.09,7.09,-0.68,-0.68,45,0.71,6.41,6.41,7.09
0.63,7.03,7.05,-0.65,-0.63,46,0.62,6.41,6.43,7.05
0.57,7.03,7.01,-0.56,-0.57,47,0.54,6.46,6.44,7.01
0.52,6.97,6.98,-0.52,-0.52,48,0.46,6.46,6.46,6.98
0.46,6.92,6.94,-0.48,-0.46,49,0.38,6.46,6.47,6.94
0.41,6.91,6.89,-0.39,-0.41,50,0.31,6.51,6.49,6.89
0.35,6.86,6.85,-0.35,-0.35,51,0.25,6.51,6.50,6.85
0.30,6.80,6.81,-0.30,-0.30,52,0.18,6.51,6.51,6.81
0.24,6.77,6.77,-0.24,-0.24,53,0.12,6.53,6.53,6.77
0.18,6.73,6.72,-0.18,-0.18,54,0.06,6.55,6.54,6.72
0.13,6.67,6.68,-0.13,-0.13,55,0.01,6.55,6.55,6.68
0.07,6.62,6.63,-0.08,-0.07,56,-0.05,6.55,6.56,6.63
0.01,6.57,6.58,-0.03,-0.01,57,-0.10,6.56,6.57,6.58
-0.04,6.55,6.54,0.06,0.04,58,-0.15,6.60,6.58,6.54
-0.10,6.49,6.49,0.11,0.10,59,-0.20,6.60,6.59,6.49
-0.16,6.43,6.44,0.16,0.16,60,-0.25,6.60,6.60,6.44
-0.22,6.38,6.39,0.21,0.22,61,-0.29,6.60,6.61,6.39
-0.28,6.33,6.34,0.27,0.28,62,-0.34,6.61,6.62,6.34
-0.34,6.28,6.29,0.33,0.34,63,-0.38,6.62,6.62,6.29
-0.40,6.25,6.23,0.41,0.40,64,-0.42,6.65,6.63,6.23
-0.45,6.19,6.18,0.46,0.45,65,-0.47,6.65,6.63,6.18
-0.51,6.14,6.13,0.52,0.51,66,-0.51,6.65,6.64,6.13
-0.57,6.08,6.08,0.57,0.57,67,-0.55,6.65,6.64,6.08
-0.62,6.02,6.02,0.62,0.62,68,-0.59,6.65,6.65,6.02
-0.68,5.97,5.97,0.68,0.68,69,-0.63,6.65,6.65,5.97
-0.73,5.91,5.92,0.73,0.73,70,-0.67,6.65,6.65,5.92
-0.79,5.86,5.86,0.78,0.79,71,-0.71,6.65,6.65,5.86
-0.84,5.80,5.81,0.84,0.84,72,-0.76,6.65,6.65,5.81
-0.90,5.75,5.75,0.89,0.90,73,-0.80,6.65,6.65,5.75
-0.95,5.70,5.70,0.95,0.95,74,-0.84,6.65,6.65,5.70
-1.00,5.64,5.65,1.00,1.00,75,-0.88,6.65,6.65,5.64
-1.06,5.59,5.59,1.06,1.06,76,-0.93,6.65,6.65,5.59
-1.11,5.53,5.54,1.11,1.11,77,-0.97,6.65,6.65,5.54
-1.17,5.48,5.48,1.16,1.17,78,-1.02,6.65,6.65,5.48
-1.22,5.43,5.43,1.22,1.22,79,-1.06,6.65,6.65,5.43
-1.27,5.37,5.37,1.27,1.27,80,-1.11,6.65,6.65,5.37
-1.32,5.32,5.32,1.33,1.32,81,-1.16,6.65,6.64,5.32
-1.37,5.27,5.27,1.38,1.37,82,-1.21,6.65,6.64,5.27
-1.42,5.22,5.21,1.43,1.42,83,-1.26,6.65,6.64,5.21
-1.47,5.17,5.16,1.48,1.47,84,-1.31,6.65,6.64,5.16
-1.52,5.12,5.11,1.54,1.52,85,-1.36,6.65,6.63,5.11
-1.57,5.04,5.06,1.56,1.57,86,-1.41,6.62,6.63,5.06
-1.62,5.00,5.00,1.61,1.62,87,-1.47,6.62,6.62,5.00
-1.67,4.95,4.95,1.66,1.67,88,-1.52,6.62,6.62,4.95
-1.71,4.90,4.90,1.71,1.71,89,-1.58,6.62,6.62,4.90
-1.76,4.86,4.85,1.76,1.76,90,-1.64,6.62,6.61,4.85
-1.81,4.79,4.80,1.79,1.81,91,-1.69,6.60,6.61,4.80
-1.85,4.74,4.75,1.84,1.85,92,-1.75,6.60,6.60,4.75
-1.90,4.70,4.70,1.89,1.90,93,-1.81,6.60,6.60,4.70
-1.94,4.65,4.66,1.94,1.94,94,-1.87,6.60,6.60,4.65
-1.99,4.61,4.61,1.99,1.99,95,-1.93,6.60,6.60,4.61
-2.03,4.56,4.56,2.04,2.03,96,-1.99,6.60,6.59,4.56
-2.08,4.52,4.51,2.08,2.08,97,-2.05,6.60,6.59,4.51
-2.12,4.47,4.46,2.13,2.12,98,-2.12,6.60,6.58,4.46
-2.17,4.43,4.41,2.18,2.17,99,-2.18,6.60,6.58,4.42
-2.21,4.38,4.36,2.21,2.21,100,-2.24,6.59,6.57,4.37
-2.25,4.30,4.32,2.22,2.25,101,-2.30,6.55,6.57,4.33
-2.29,4.25,4.27,2.26,2.29,102,-2.36,6.55,6.56,4.28
-2.33,4.21,4.22,2.35,2.33,104,-2.48,6.55,6.55,4.20
-2.37,4.17,4.17,2.39,2.37,105,-2.54,6.55,6.55,4.16
-2.41,4.13,4.13,2.43,2.41,106,-2.60,6.55,6.54,4.11
-2.45,4.07,4.08,2.45,2.45,107,-2.66,6.53,6.54,4.07
-2.49,4.03,4.04,2.49,2.49,108,-2.71,6.53,6.53,4.03
-2.53,4.00,4.00,2.53,2.53,109,-2.77,6.53,6.52,3.99
-2.57,3.96,3.95,2.57,2.57,110,-2.82,6.53,6.52,3.95
-2.60,3.90,3.91,2.59,2.60,111,-2.87,6.51,6.51,3.92
-2.64,3.87,3.87,2.63,2.64,112,-2.92,6.51,6.51,3.88
-2.67,3.84,3.83,2.67,2.67,113,-2.97,6.51,6.50,3.84
-2.70,3.80,3.79,2.70,2.70,114,-3.01,6.51,6.49,3.80
-2.74,3.77,3.75,2.74,2.74,115,-3.05,6.51,6.49,3.77
-2.77,3.71,3.71,2.78,2.77,117,-3.13,6.48,6.48,3.70
-2.80,3.66,3.67,2.79,2.80,118,-3.16,6.46,6.47,3.66
-2.83,3.63,3.63,2.83,2.83,119,-3.19,6.46,6.46,3.63
-2.86,3.60,3.59,2.86,2.86,120,-3.22,6.46,6.45,3.59
-2.89,3.57,3.55,2.89,2.89,121,-3.25,6.46,6.44,3.56
-2.92,3.49,3.51,2.91,2.92,123,-3.29,6.41,6.43,3.50
-2.94,3.46,3.47,2.94,2.94,124,-3.30,6.41,6.42,3.47
-2.97,3.44,3.44,2.97,2.97,125,-3.32,6.41,6.40,3.44
-3.00,3.41,3.40,3.00,3.00,126,-3.33,6.41,6.39,3.41
-3.02,3.35,3.36,3.02,3.02,128,-3.34,6.37,6.38,3.35
-3.05,3.32,3.32,3.05,3.05,129,-3.34,6.37,6.37,3.32
-3.07,3.30,3.29,3.07,3.07,130,-3.35,6.37,6.36,3.29
-3.09,3.27,3.25,3.10,3.09,131,-3.34,6.37,6.35,3.27
-3.12,3.21,3.22,3.11,3.12,133,-3.33,6.33,6.34,3.21
-3.14,3.18,3.18,3.13,3.14,134,-3.33,6.32,6.32,3.19
-3.16,3.16,3.15,3.15,3.16,135,-3.32,6.32,6.31,3.16
-3.18,3.13,3.12,3.20,3.18,137,-3.29,6.32,6.30,3.11
-3.20,3.06,3.08,3.18,3.20,138,-3.28,6.27,6.29,3.09
-3.22,3.04,3.05,3.22,3.22,140,-3.25,6.27,6.28,3.04
-3.24,3.02,3.02,3.25,3.24,141,-3.23,6.27,6.26,3.02
-3.26,3.00,2.99,3.27,3.26,142,-3.22,6.27,6.25,3.00
-3.28,2.95,2.96,3.27,3.28,144,-3.18,6.23,6.24,2.95
-3.30,2.93,2.93,3.29,3.30,145,-3.16,6.23,6.22,2.93
-3.31,2.91,2.90,3.33,3.31,147,-3.13,6.23,6.21,2.89
-3.33,2.88,2.87,3.33,3.33,148,-3.11,6.21,6.20,2.87
-3.34,2.83,2.84,3.34,3.34,150,-3.07,6.18,6.18,2.83
-3.36,2.82,2.81,3.36,3.36,151,-3.05,6.18,6.17,2.81
-3.37,2.76,2.78,3.35,3.37,153,-3.02,6.13,6.15,2.78
-3.38,2.75,2.76,3.37,3.38,154,-3.00,6.13,6.14,2.76
-3.39,2.74,2.73,3.40,3.39,156,-2.97,6.13,6.12,2.73
-3.40,2.72,2.71,3.41,3.40,157,-2.96,6.12,6.10,2.71
-3.41,2.68,2.68,3.41,3.41,159,-2.93,6.09,6.09,2.68
-3.41,2.67,2.65,3.42,3.41,160,-2.92,6.09,6.07,2.66
-3.42,2.62,2.63,3.40,3.42,162,-2.89,6.04,6.05,2.63
-3.42,2.61,2.61,3.43,3.42,164,-2.87,6.04,6.03,2.60
-3.43,2.59,2.58,3.43,3.43,165,-2.86,6.02,6.01,2.59
-3.43,2.55,2.56,3.43,3.43,167,-2.85,5.99,5.99,2.56
-3.43,2.53,2.54,3.43,3.43,169,-2.83,5.97,5.97,2.53
-3.43,2.51,2.52,3.43,3.43,170,-2.83,5.95,5.95,2.52
-3.43,2.51,2.49,3.45,3.43,172,-2.82,5.95,5.93,2.49
-3.43,2.46,2.47,3.43,3.43,174,-2.82,5.90,5.91,2.47
-3.43,2.46,2.45,3.44,3.43,175,-2.81,5.90,5.89,2.46
-3.43,2.42,2.43,3.41,3.43,177,-2.81,5.85,5.86,2.43
-3.43,2.42,2.41,3.43,3.43,179,-2.82,5.85,5.84,2.41
-3.42,2.38,2.39,3.42,3.42,181,-2.82,5.81,5.81,2.39
-3.42,2.38,2.37,3.43,3.42,183,-2.83,5.80,5.79,2.37
-3.41,2.36,2.36,3.41,3.41,184,-2.83,5.77,5.77,2.36
-3.40,2.35,2.34,3.42,3.40,186,-2.85,5.76,5.74,2.34
-3.39,2.31,2.32,3.38,3.39,188,-2.86,5.71,5.71,2.32
-3.38,2.30,2.30,3.38,3.38,190,-2.88,5.69,5.69,2.30
-3.37,2.29,2.29,3.38,3.37,192,-2.89,5.67,5.66,2.29
-3.36,2.25,2.27,3.35,3.36,194,-2.91,5.62,5.63,2.27
-3.35,2.26,2.25,3.35,3.35,196,-2.93,5.61,5.60,2.25
-3.34,2.23,2.24,3.33,3.34,198,-2.96,5.57,5.57,2.24
-3.32,2.22,2.22,3.32,3.32,200,-2.98,5.55,5.55,2.22
-3.31,2.22,2.21,3.32,3.31,202,-3.00,5.53,5.52,2.21
-3.29,2.19,2.19,3.29,3.29,204,-3.03,5.49,5.49,2.19
-3.28,2.18,2.18,3.28,3.28,206,-3.05,5.46,5.46,2.18
-3.26,2.16,2.17,3.26,3.26,208,-3.08,5.43,5.43,2.17
-3.25,2.15,2.15,3.24,3.25,210,-3.11,5.40,5.40,2.15
-3.23,2.14,2.14,3.23,3.23,212,-3.13,5.37,5.37,2.14
-3.21,2.12,2.13,3.21,3.21,214,-3.16,5.34,5.34,2.13
-3.19,2.11,2.11,3.19,3.19,216,-3.18,5.31,5.31,2.12
-3.17,2.11,2.10,3.18,3.17,218,-3.21,5.29,5.28,2.10
-3.15,2.09,2.09,3.16,3.15,221,-3.24,5.25,5.25,2.09
-3.13,2.07,2.08,3.13,3.13,223,-3.26,5.21,5.21,2.08
-3.11,2.06,2.07,3.11,3.11,225,-3.28,5.18,5.18,2.07
-3.09,2.07,2.06,3.10,3.09,227,-3.29,5.16,5.15,2.06
-3.07,2.06,2.05,3.08,3.07,229,-3.31,5.13,5.11,2.05
-3.04,2.03,2.04,3.04,3.04,232,-3.32,5.08,5.08,2.04
-3.02,2.04,2.03,3.03,3.02,234,-3.33,5.06,5.05,2.03
-2.99,2.01,2.02,2.99,2.99,236,-3.34,5.01,5.01,2.02
-2.97,2.00,2.01,2.96,2.97,239,-3.34,4.97,4.97,2.01
-2.94,2.01,2.00,2.95,2.94,241,-3.34,4.95,4.94,2.00
-2.91,1.98,1.99,2.91,2.91,244,-3.33,4.90,4.90,1.99
-2.88,1.97,1.98,2.88,2.88,246,-3.32,4.86,4.86,1.98
-2.85,1.98,1.97,2.86,2.85,248,-3.31,4.84,4.83,1.97
-2.82,1.96,1.96,2.82,2.82,251,-3.29,4.79,4.79,1.96
-2.79,1.95,1.96,2.79,2.79,253,-3.27,4.75,4.75,1.96
-2.76,1.94,1.95,2.76,2.76,256,-3.24,4.71,4.71,1.95
-2.73,1.93,1.94,2.73,2.73,259,-3.20,4.67,4.67,1.94
-2.70,1.93,1.93,2.70,2.70,261,-3.17,4.64,4.63,1.93
-2.67,1.92,1.92,2.66,2.67,264,-3.12,4.59,4.60,1.92
-2.64,1.93,1.92,2.65,2.64,266,-3.08,4.57,4.56,1.92
-2.61,1.92,1.91,2.62,2.61,269,-3.03,4.53,4.52,1.91
-2.57,1.90,1.90,2.57,2.57,272,-2.97,4.48,4.48,1.90
-2.54,1.91,1.90,2.55,2.54,274,-2.93,4.45,4.44,1.90
-2.50,1.88,1.89,2.49,2.50,277,-2.86,4.39,4.40,1.89
-2.47,1.89,1.89,2.47,2.47,280,-2.79,4.36,4.35,1.88
-2.43,1.87,1.88,2.43,2.43,283,-2.72,4.31,4.31,1.88
-2.40,1.87,1.87,2.39,2.40,286,-2.65,4.27,4.27,1.87
-2.36,1.87,1.87,2.36,2.36,288,-2.60,4.23,4.23,1.87
-2.32,1.87,1.86,2.32,2.32,291,-2.53,4.19,4.18,1.86
-2.28,1.86,1.86,2.28,2.28,294,-2.46,4.14,4.14,1.86
-2.24,1.86,1.85,2.24,2.24,297,-2.38,4.10,4.09,1.85
-2.20,1.85,1.85,2.20,2.20,300,-2.31,4.05,4.04,1.85
-2.15,1.84,1.84,2.15,2.15,303,-2.23,4.00,3.99,1.84
-2.11,1.83,1.84,2.10,2.11,306,-2.16,3.94,3.95,1.84
-2.06,1.84,1.83,2.07,2.06,309,-2.08,3.91,3.90,1.83
-2.02,1.84,1.83,2.03,2.02,312,-2.01,3.86,3.84,1.83
-1.97,1.82,1.82,1.96,1.97,316,-1.92,3.79,3.79,1.82
-1.92,1.81,1.82,1.92,1.92,319,-1.84,3.74,3.74,1.82
-1.88,1.81,1.81,1.87,1.88,322,-1.78,3.69,3.69,1.81
-1.83,1.81,1.81,1.83,1.83,325,-1.71,3.64,3.64,1.81
-1.78,1.81,1.81,1.78,1.78,328,-1.64,3.59,3.59,1.81
-1.73,1.80,1.80,1.73,1.73,332,-1.55,3.54,3.54,1.80
-1.68,1.80,1.80,1.69,1.68,335,-1.49,3.49,3.48,1.80
-1.64,1.80,1.80,1.64,1.64,338,-1.42,3.44,3.43,1.80
-1.59,1.79,1.79,1.58,1.59,342,-1.34,3.38,3.38,1.79
-1.54,1.79,1.79,1.54,1.54,345,-1.28,3.33,3.33,1.79
-1.49,1.78,1.79,1.48,1.49,349,-1.20,3.27,3.28,1.79
-1.44,1.78,1.78,1.44,1.44,352,-1.14,3.23,3.22,1.78
-1.39,1.77,1.78,1.39,1.39,356,-1.07,3.17,3.17,1.78
-1.34,1.78,1.78,1.35,1.34,359,-1.01,3.13,3.12,1.78
-1.29,1.78,1.77,1.30,1.29,363,-0.94,3.08,3.07,1.77
-1.24,1.79,1.77,1.25,1.24,366,-0.89,3.03,3.01,1.77
-1.19,1.77,1.77,1.19,1.19,370,-0.82,2.96,2.96,1.77
-1.14,1.75,1.77,1.12,1.14,374,-0.75,2.89,2.90,1.76
-1.09,1.76,1.76,1.08,1.09,377,-0.70,2.85,2.85,1.76
-1.03,1.76,1.76,1.04,1.03,381,-0.64,2.80,2.79,1.76
-0.98,1.76,1.76,0.99,0.98,385,-0.57,2.75,2.74,1.76
-0.93,1.76,1.75,0.93,0.93,389,-0.51,2.69,2.68,1.75
-0.88,1.75,1.75,0.87,0.88,393,-0.45,2.63,2.63,1.75
-0.83,1.74,1.75,0.82,0.83,397,-0.39,2.57,2.57,1.75
-0.77,1.74,1.75,0.77,0.77,401,-0.34,2.52,2.52,1.75
-0.72,1.74,1.74,0.72,0.72,405,-0.28,2.47,2.47,1.74
-0.67,1.75,1.74,0.67,0.67,409,-0.23,2.42,2.41,1.74
-0.62,1.74,1.74,0.62,0.62,413,-0.17,2.36,2.36,1.74
-0.56,1.73,1.74,0.56,0.56,417,-0.12,2.30,2.30,1.74
-0.51,1.74,1.74,0.51,0.51,421,-0.07,2.25,2.25,1.74
-0.46,1.73,1.73,0.45,0.46,425,-0.02,2.19,2.19,1.73
-0.40,1.74,1.73,0.41,0.40,430,0.04,2.15,2.14,1.73
-0.35,1.75,1.73,0.37,0.35,434,0.08,2.10,2.08,1.73
-0.29,1.73,1.73,0.30,0.29,438,0.13,2.03,2.02,1.73
-0.24,1.72,1.73,0.23,0.24,443,0.18,1.96,1.97,1.73
-0.18,1.72,1.73,0.18,0.18,447,0.23,1.91,1.91,1.73
-0.13,1.74,1.73,0.14,0.13,451,0.27,1.87,1.85,1.73
-0.07,1.72,1.73,0.06,0.07,456,0.32,1.79,1.80,1.73
-0.01,1.72,1.73,0.01,0.01,460,0.36,1.74,1.74,1.73
0.04,1.72,1.73,-0.05,-0.04,465,0.40,1.68,1.68,1.73
0.10,1.73,1.73,-0.10,-0.10,470,0.45,1.63,1.63,1.73
0.16,1.75,1.73,-0.15,-0.16,474,0.48,1.59,1.57,1.73
0.22,1.74,1.73,-0.21,-0.22,479,0.52,1.53,1.52,1.73
0.27,1.74,1.74,-0.27,-0.27,484,0.56,1.47,1.46,1.74
0.33,1.73,1.74,-0.34,-0.33,489,0.60,1.40,1.41,1.74
0.39,1.74,1.74,-0.40,-0.39,494,0.64,1.35,1.35,1.74
0.45,1.75,1.75,-0.44,-0.45,499,0.67,1.31,1.30,1.75
0.51,1.76,1.75,-0.49,-0.51,504,0.71,1.26,1.24,1.75
0.56,1.76,1.75,-0.56,-0.56,509,0.74,1.20,1.19,1.75
0.62,1.75,1.76,-0.63,-0.62,514,0.77,1.13,1.14,1.76
0.68,1.75,1.76,-0.69,-0.68,519,0.80,1.08,1.09,1.76
0.73,1.76,1.77,-0.74,-0.73,524,0.82,1.03,1.03,1.77
0.79,1.78,1.77,-0.79,-0.79,529,0.85,0.99,0.98,1.77
0.85,1.77,1.78,-0.85,-0.85,535,0.88,0.93,0.93,1.78
0.90,1.79,1.78,-0.90,-0.90,540,0.91,0.89,0.88,1.78
0.96,1.80,1.79,-0.95,-0.96,545,0.93,0.84,0.83,1.79
1.02,1.80,1.80,-1.01,-1.02,551,0.96,0.79,0.78,1.80
1.07,1.81,1.80,-1.07,-1.07,556,0.98,0.74,0.73,1.80
1.13,1.81,1.81,-1.12,-1.13,562,1.01,0.69,0.68,1.81
1.18,1.81,1.81,-1.19,-1.18,568,1.03,0.63,0.63,1.81
1.24,1.82,1.82,-1.24,-1.24,573,1.06,0.58,0.58,1.82
1.29,1.82,1.83,-1.30,-1.29,579,1.08,0.53,0.53,1.83
1.35,1.84,1.83,-1.35,-1.35,585,1.11,0.49,0.48,1.83
1.41,1.83,1.84,-1.42,-1.41,591,1.13,0.43,0.44,1.84
1.46,1.85,1.85,-1.46,-1.46,596,1.16,0.39,0.39,1.85
1.52,1.87,1.86,-1.50,-1.52,602,1.18,0.36,0.34,1.86
1.57,1.87,1.87,-1.57,-1.57,608,1.21,0.30,0.30,1.87
1.63,1.86,1.88,-1.64,-1.63,615,1.24,0.24,0.25,1.88
1.68,1.89,1.89,-1.68,-1.68,621,1.27,0.21,0.21,1.89
1.74,1.90,1.90,-1.75,-1.74,627,1.29,0.16,0.16,1.90
1.80,1.93,1.91,-1.79,-1.80,633,1.32,0.13,0.11,1.91
1.86,1.94,1.93,-1.85,-1.86,639,1.35,0.08,0.07,1.93
1.92,1.94,1.94,-1.93,-1.92,646,1.39,0.02,0.02,1.94
1.99,1.97,1.96,-1.97,-1.99,652,1.42,-0.01,-0.03,1.96
2.05,1.98,1.98,-2.05,-2.05,659,1.45,-0.07,-0.08,1.98
2.12,2.02,1.99,-2.10,-2.12,665,1.49,-0.10,-0.12,1.99
2.19,2.03,2.01,-2.17,-2.19,672,1.52,-0.15,-0.17,2.01
2.25,2.04,2.03,-2.25,-2.25,679,1.56,-0.21,-0.22,2.03
2.32,2.05,2.05,-2.33,-2.32,686,1.60,-0.27,-0.27,2.05
2.39,2.08,2.08,-2.38,-2.39,692,1.64,-0.30,-0.31,2.08
2.45,2.09,2.10,-2.45,-2.45,699,1.68,-0.35,-0.35,2.10
2.51,2.10,2.12,-2.53,-2.51,706,1.73,-0.40,-0.39,2.12
2.57,2.13,2.15,-2.58,-2.57,713,1.77,-0.43,-0.42,2.15
2.62,2.14,2.17,-2.65,-2.62,721,1.82,-0.47,-0.45,2.17
2.67,2.17,2.20,-2.69,-2.67,728,1.87,-0.49,-0.47,2.20
2.71,2.22,2.22,-2.72,-2.71,735,1.91,-0.49,-0.49,2.22
2.75,2.26,2.25,-2.75,-2.75,742,1.96,-0.49,-0.50,2.25
2.79,2.27,2.28,-2.79,-2.79,750,2.02,-0.51,-0.51,2.28
2.82,2.31,2.31,-2.82,-2.82,757,2.07,-0.51,-0.52,2.31
2.85,2.34,2.33,-2.85,-2.85,765,2.12,-0.51,-0.52,2.33
2.88,2.37,2.36,-2.87,-2.88,773,2.18,-0.51,-0.52,2.36
2.91,2.39,2.39,-2.90,-2.91,780,2.23,-0.51,-0.52,2.39
2.93,2.42,2.42,-2.93,-2.93,788,2.29,-0.51,-0.52,2.42
2.96,2.46,2.44,-2.94,-2.96,796,2.35,-0.49,-0.51,2.44
2.98,2.49,2.47,-2.97,-2.98,804,2.41,-0.49,-0.51,2.47
3.00,2.51,2.50,-2.99,-3.00,812,2.47,-0.49,-0.50,2.50
3.03,2.53,2.53,-3.02,-3.03,820,2.53,-0.49,-0.50,2.53
3.05,2.56,2.56,-3.05,-3.05,828,2.58,-0.49,-0.50,2.56
3.07,2.58,2.58,-3.08,-3.07,837,2.65,-0.49,-0.49,2.58
3.10,2.60,2.61,-3.11,-3.10,845,2.71,-0.49,-0.48,2.61
3.12,2.62,2.64,-3.13,-3.12,853,2.76,-0.49,-0.48,2.64
3.13,2.69,2.67,-3.11,-3.13,862,2.82,-0.44,-0.47,2.67
3.15,2.71,2.69,-3.14,-3.15,871,2.88,-0.44,-0.46,2.69
3.16,2.72,2.72,-3.16,-3.16,879,2.93,-0.44,-0.44,2.72
3.17,2.73,2.75,-3.19,-3.17,888,2.98,-0.44,-0.43,2.75
3.18,2.78,2.77,-3.18,-3.18,897,3.03,-0.40,-0.41,2.77
3.19,2.78,2.80,-3.21,-3.19,906,3.08,-0.40,-0.39,2.80
3.19,2.84,2.83,-3.18,-3.19,915,3.12,-0.35,-0.36,2.83
3.19,2.85,2.85,-3.20,-3.19,924,3.16,-0.34,-0.34,2.85
3.18,2.88,2.88,-3.18,-3.18,933,3.20,-0.30,-0.30,2.88
3.18,2.91,2.91,-3.17,-3.18,943,3.23,-0.26,-0.27,2.91
3.16,2.93,2.93,-3.17,-3.16,952,3.26,-0.23,-0.23,2.93
3.15,2.96,2.96,-3.15,-3.15,962,3.28,-0.19,-0.19,2.96
3.13,2.99,2.99,-3.13,-3.13,971,3.30,-0.14,-0.15,2.99
3.11,3.01,3.01,-3.11,-3.11,981,3.32,-0.09,-0.10,3.01
3.08,3.03,3.04,-3.09,-3.08,991,3.33,-0.05,-0.05,3.04
3.05,3.06,3.06,-3.06,-3.05,1001,3.33,0.01,0.01,3.06
3.02,3.09,3.09,-3.02,-3.02,1011,3.33,0.07,0.07,3.09
2.99,3.11,3.12,-2.99,-2.99,1021,3.32,0.13,0.13,3.12
2.95,3.13,3.14,-2.96,-2.95,1031,3.31,0.19,0.19,3.14
2.91,3.16,3.17,-2.91,-2.91,1041,3.30,0.26,0.26,3.17
2.86,3.20,3.19,-2.86,-2.86,1052,3.28,0.34,0.33,3.19
2.82,3.22,3.22,-2.82,-2.82,1062,3.25,0.40,0.40,3.22
2.77,3.25,3.25,-2.77,-2.77,1073,3.22,0.48,0.47,3.25
2.73,3.28,3.27,-2.72,-2.73,1084,3.19,0.56,0.55,3.27
2.68,3.30,3.30,-2.68,-2.68,1094,3.15,0.63,0.63,3.30
2.63,3.33,3.33,-2.62,-2.63,1105,3.11,0.71,0.70,3.33
2.58,3.35,3.36,-2.58,-2.58,1116,3.07,0.78,0.78,3.36
2.53,3.39,3.38,-2.52,-2.53,1128,3.02,0.87,0.86,3.38
2.48,3.41,3.41,-2.48,-2.48,1139,2.98,0.94,0.94,3.41
2.43,3.44,3.44,-2.43,-2.43,1150,2.93,1.02,1.02,3.44
2.38,3.47,3.47,-2.38,-2.38,1162,2.87,1.10,1.10,3.47
2.33,3.49,3.50,-2.33,-2.33,1173,2.82,1.17,1.17,3.50
2.28,3.54,3.53,-2.27,-2.28,1185,2.77,1.27,1.25,3.53
2.23,3.56,3.56,-2.24,-2.23,1197,2.71,1.33,1.33,3.56
2.18,3.60,3.59,-2.18,-2.18,1209,2.66,1.42,1.41,3.59
2.14,3.63,3.63,-2.13,-2.14,1221,2.60,1.50,1.49,3.63
2.09,3.65,3.66,-2.10,-2.09,1233,2.55,1.56,1.57,3.66
2.05,3.71,3.70,-2.04,-2.05,1246,2.49,1.66,1.64,3.70
2.01,3.73,3.73,-2.02,-2.01,1258,2.44,1.72,1.72,3.73
1.97,3.77,3.77,-1.97,-1.97,1271,2.39,1.80,1.80,3.77
1.93,3.80,3.81,-1.94,-1.93,1283,2.34,1.87,1.87,3.81
1.90,3.84,3.85,-1.90,-1.90,1296,2.29,1.95,1.95,3.85
1.86,3.89,3.89,-1.86,-1.86,1309,2.24,2.03,2.02,3.89
1.83,3.94,3.93,-1.82,-1.83,1322,2.19,2.11,2.10,3.93
1.80,3.98,3.97,-1.80,-1.80,1335,2.14,2.18,2.17,3.97
1.78,4.02,4.02,-1.77,-1.78,1349,2.09,2.25,2.25,4.02
1.75,4.07,4.07,-1.75,-1.75,1362,2.05,2.32,2.32,4.07
1.73,4.12,4.12,-1.72,-1.73,1376,2.00,2.40,2.39,4.12
1.71,4.18,4.17,-1.70,-1.71,1390,1.96,2.48,2.47,4.17
1.69,4.22,4.23,-1.69,-1.69,1404,1.92,2.54,2.54,4.23
1.67,4.28,4.29,-1.68,-1.67,1418,1.88,2.61,2.61,4.29
1.66,4.35,4.35,-1.66,-1.66,1432,1.84,2.69,2.69,4.35
1.65,4.40,4.41,-1.65,-1.65,1446,1.81,2.76,2.76,4.41
1.64,4.47,4.48,-1.64,-1.64,1461,1.77,2.84,2.84,4.47
1.63,4.55,4.54,-1.63,-1.63,1475,1.74,2.92,2.91,4.54
1.63,4.62,4.62,-1.62,-1.63,1490,1.71,3.00,2.99,4.62
1.62,4.69,4.69,-1.62,-1.62,1505,1.68,3.07,3.07,4.69
1.62,4.78,4.77,-1.61,-1.62,1520,1.65,3.16,3.15,4.77
1.62,4.85,4.85,-1.62,-1.62,1535,1.63,3.23,3.23,4.85
1.62,4.94,4.94,-1.62,-1.62,1550,1.60,3.32,3.31,4.93
1.63,5.01,5.02,-1.64,-1.63,1566,1.58,3.39,3.40,5.02
1.63,5.13,5.11,-1.62,-1.63,1582,1.55,3.50,3.48,5.11
1.64,5.20,5.21,-1.65,-1.64,1597,1.53,3.56,3.57,5.21
1.65,5.32,5.31,-1.64,-1.65,1613,1.51,3.67,3.65,5.30
1.66,5.40,5.40,-1.67,-1.66,1629,1.49,3.74,3.74,5.40
1.67,5.51,5.51,-1.67,-1.67,1646,1.47,3.84,3.84,5.50
1.68,5.62,5.61,-1.67,-1.68,1662,1.45,3.94,3.93,5.61
1.69,5.71,5.72,-1.69,-1.69,1679,1.43,4.03,4.03,5.72
1.70,5.81,5.82,-1.71,-1.70,1696,1.42,4.12,4.13,5.82
1.71,5.93,5.93,-1.71,-1.71,1713,1.40,4.23,4.23,5.93
1.71,6.05,6.04,-1.71,-1.71,1730,1.38,4.34,4.33,6.04
1.72,6.16,6.16,-1.71,-1.72,1747,1.37,4.45,4.44,6.16
1.72,6.24,6.27,-1.74,-1.72,1764,1.35,4.53,4.55,6.27
1.72,6.38,6.38,-1.72,-1.72,1782,1.34,4.67,4.66,6.38
1.72,6.51,6.49,-1.70,-1.72,1800,1.32,4.80,4.78,6.49
1.71,6.62,6.61,-1.70,-1.71,1818,1.31,4.91,4.90,6.61
1.70,6.71,6.72,-1.71,-1.70,1836,1.29,5.01,5.02,6.72
1.69,6.83,6.83,-1.70,-1.69,1854,1.27,5.14,5.14,6.83
1.67,6.93,6.94,-1.69,-1.67,1873,1.26,5.26,5.27,6.94
1.66,7.06,7.05,-1.65,-1.66,1892,1.24,5.41,5.40,7.05
1.63,7.15,7.16,-1.65,-1.63,1911,1.22,5.52,5.53,7.16
1.60,7.28,7.27,-1.59,-1.60,1930,1.20,5.68,5.66,7.27
1.57,7.38,7.37,-1.57,-1.57,1949,1.18,5.81,5.80,7.38
1.54,7.47,7.48,-1.54,-1.54,1969,1.16,5.94,5.94,7.48
1.50,7.58,7.58,-1.50,-1.50,1988,1.14,6.09,6.09,7.58
1.45,7.69,7.69,-1.45,-1.45,2008,1.12,6.24,6.23,7.69
1.40,7.78,7.79,-1.41,-1.40,2028,1.10,6.38,6.38,7.79
1.35,7.89,7.89,-1.35,-1.35,2048,1.07,6.54,6.54,7.89
1.29,7.98,7.98,-1.30,-1.29,2069,1.05,6.69,6.69,7.98
1.23,8.08,8.08,-1.23,-1.23,2090,1.02,6.85,6.85,8.08
1.17,8.17,8.17,-1.17,-1.17,2111,0.99,7.01,7.01,8.17
1.10,8.27,8.27,-1.09,-1.10,2132,0.96,7.18,7.17,8.27
1.03,8.36,8.36,-1.02,-1.03,2153,0.93,7.34,7.33,8.36
0.95,8.45,8.45,-0.96,-0.95,2175,0.90,7.50,7.50,8.45
0.87,8.53,8.54,-0.88,-0.87,2196,0.87,7.66,7.67,8.54
0.79,8.62,8.63,-0.80,-0.79,2218,0.84,7.83,7.84,8.63
0.71,8.72,8.72,-0.71,-0.71,2240,0.81,8.01,8.01,8.72
0.63,8.80,8.80,-0.62,-0.63,2263,0.77,8.18,8.17,8.80
0.54,8.88,8.89,-0.55,-0.54,2285,0.74,8.34,8.34,8.88
0.45,8.97,8.97,-0.45,-0.45,2308,0.71,8.52,8.51,8.97
0.37,9.05,9.05,-0.36,-0.37,2331,0.67,8.69,8.68,9.05
0.28,9.13,9.13,-0.27,-0.28,2355,0.64,8.86,8.85,9.13
0.19,9.20,9.20,-0.19,-0.19,2378,0.60,9.02,9.01,9.20
0.10,9.28,9.28,-0.10,-0.10,2402,0.56,9.18,9.18,9.28
0.01,9.33,9.35,-0.03,-0.01,2426,0.53,9.32,9.34,9.35
-0.07,9.40,9.42,0.06,0.07,2450,0.49,9.48,9.49,9.42
-0.15,9.49,9.49,0.16,0.15,2475,0.45,9.65,9.64,9.49
-0.23,9.55,9.55,0.23,0.23,2500,0.42,9.79,9.79,9.55
-0.31,9.61,9.61,0.30,0.31,2525,0.38,9.92,9.92,9.61
-0.38,9.67,9.67,0.38,0.38,2550,0.34,10.06,10.05,9.67
-0.45,9.74,9.73,0.46,0.45,2575,0.30,10.19,10.18,9.73
-0.51,9.80,9.78,0.52,0.51,2601,0.27,10.31,10.29,9.78
-0.56,9.83,9.83,0.56,0.56,2627,0.23,10.40,10.40,9.83
-0.61,9.90,9.88,0.62,0.61,2653,0.19,10.51,10.49,9.88
-0.65,9.93,9.93,0.65,0.65,2680,0.15,10.58,10.58,9.93
-0.68,9.98,9.97,0.69,0.68,2707,0.11,10.66,10.65,9.97
-0.70,10.02,10.01,0.71,0.70,2734,0.08,10.72,10.71,10.01
-0.71,10.05,10.05,0.71,0.71,2761,0.04,10.76,10.75,10.05
-0.71,10.09,10.08,0.72,0.71,2789,-0.00,10.80,10.79,10.08
-0.70,10.13,10.11,0.73,0.70,2817,-0.04,10.84,10.81,10.11
-0.69,10.15,10.14,0.70,0.69,2845,-0.08,10.84,10.82,10.14
-0.66,10.18,10.16,0.67,0.66,2873,-0.12,10.84,10.82,10.16
-0.63,10.17,10.18,0.61,0.63,2902,-0.16,10.80,10.81,10.18
-0.59,10.21,10.20,0.59,0.59,2931,-0.20,10.80,10.79,10.20
-0.54,10.22,10.22,0.54,0.54,2960,-0.23,10.76,10.76,10.22
-0.48,10.24,10.23,0.49,0.48,2990,-0.27,10.73,10.71,10.23
-0.42,10.24,10.24,0.42,0.42,3020,-0.31,10.67,10.66,10.24
-0.36,10.25,10.25,0.35,0.36,3050,-0.35,10.61,10.61,10.25
-0.29,10.26,10.26,0.29,0.29,3080,-0.39,10.55,10.54,10.26
-0.22,10.26,10.26,0.21,0.22,3111,-0.43,10.48,10.48,10.26
-0.14,10.26,10.26,0.14,0.14,3142,-0.47,10.41,10.40,10.26
-0.07,10.26,10.26,0.06,0.07,3174,-0.51,10.33,10.33,10.26
0.01,10.25,10.26,-0.01,-0.01,3206,-0.55,10.25,10.25,10.26
0.08,10.24,10.25,-0.10,-0.08,3238,-0.59,10.16,10.17,10.25
0.15,10.25,10.24,-0.15,-0.15,3270,-0.63,10.10,10.09,10.24
0.22,10.24,10.23,-0.22,-0.22,3303,-0.67,10.02,10.01,10.24
0.29,10.22,10.22,-0.30,-0.29,3336,-0.71,9.93,9.93,10.22
0.35,10.22,10.21,-0.34,-0.35,3369,-0.75,9.87,9.86,10.21
0.41,10.19,10.20,-0.42,-0.41,3403,-0.78,9.78,9.78,10.20
0.47,10.18,10.18,-0.47,-0.47,3437,-0.82,9.71,9.71,10.18
0.52,10.17,10.16,-0.52,-0.52,3471,-0.86,9.65,9.64,10.16
0.57,10.14,10.14,-0.57,-0.57,3506,-0.89,9.58,9.58,10.14
0.60,10.11,10.12,-0.62,-0.60,3541,-0.92,9.51,9.52,10.12
0.64,10.10,10.10,-0.63,-0.64,3576,-0.95,9.47,9.46,10.10
0.66,10.07,10.08,-0.67,-0.66,3612,-0.98,9.41,9.42,10.08
0.68,10.05,10.05,-0.68,-0.68,3648,-1.01,9.38,9.38,10.05
0.69,10.03,10.03,-0.68,-0.69,3685,-1.04,9.35,9.34,10.03
0.69,9.99,10.01,-0.70,-0.69,3721,-1.06,9.31,9.32,10.00
0.68,9.99,9.98,-0.67,-0.68,3759,-1.09,9.31,9.30,9.98
0.66,9.97,9.95,-0.65,-0.66,3796,-1.10,9.31,9.29,9.95
0.64,9.94,9.93,-0.62,-0.64,3834,-1.12,9.31,9.29,9.93
0.60,9.91,9.90,-0.60,-0.60,3873,-1.14,9.31,9.30,9.90
0.55,9.86,9.88,-0.57,-0.55,3911,-1.15,9.31,9.32,9.87
0.49,9.85,9.85,-0.49,-0.49,3950,-1.16,9.36,9.36,9.85
0.42,9.83,9.82,-0.41,-0.42,3990,-1.16,9.41,9.40,9.82
0.33,9.80,9.79,-0.33,-0.33,4030,-1.16,9.47,9.46,9.79
0.24,9.75,9.77,-0.25,-0.24,4070,-1.16,9.52,9.53,9.77
0.12,9.74,9.74,-0.12,-0.12,4111,-1.16,9.62,9.62,9.74
-0.00,9.72,9.71,0.01,0.00,4152,-1.15,9.73,9.72,9.71
-0.15,9.68,9.68,0.14,0.15,4193,-1.15,9.83,9.83,9.68
-0.31,9.67,9.66,0.32,0.31,4235,-1.13,9.98,9.96,9.66
-0.49,9.63,9.63,0.49,0.49,4278,-1.12,10.12,10.12,9.63
-0.69,9.60,9.60,0.69,0.69,4321,-1.10,10.29,10.29,9.60
-0.91,9.56,9.57,0.90,0.91,4364,-1.08,10.47,10.48,9.57
-1.15,9.52,9.54,1.14,1.15,4407,-1.06,10.68,10.69,9.54
-1.42,9.46,9.51,1.37,1.42,4451,-1.04,10.88,10.93,9.51
-1.71,9.41,9.48,1.64,1.71,4496,-1.02,11.12,11.19,9.48
-2.02,9.36,9.45,1.93,2.02,4541,-0.99,11.38,11.47,9.45
-2.35,9.30,9.41,2.23,2.35,4586,-0.96,11.65,11.76,9.41
-2.69,9.28,9.38,2.58,2.69,4632,-0.93,11.97,12.07,9.38
-3.03,9.23,9.35,2.92,3.03,4679,-0.90,12.27,12.38,9.35
-3.38,9.21,9.31,3.27,3.38,4725,-0.87,12.59,12.69,9.31
-3.72,9.18,9.28,3.62,3.72,4773,-0.84,12.90,12.99,9.28
-4.03,9.22,9.24,4.00,4.03,4820,-0.81,13.25,13.27,9.24
-4.31,9.23,9.21,4.34,4.31,4868,-0.78,13.55,13.52,9.21
-4.56,9.28,9.17,4.67,4.56,4917,-0.75,13.84,13.73,9.17
-4.75,9.30,9.13,4.92,4.75,4966,-0.71,14.06,13.88,9.13
-4.89,9.34,9.10,5.13,4.89,5016,-0.68,14.23,13.98,9.09
-4.96,9.34,9.06,5.24,4.96,5066,-0.65,14.30,14.02,9.06
-4.96,9.21,9.02,5.16,4.96,5117,-0.61,14.18,13.98,9.02
-4.90,9.08,8.98,5.00,4.90,5168,-0.58,13.98,13.88,8.98
-4.76,8.95,8.94,4.78,4.76,5220,-0.55,13.72,13.70,8.94
-4.56,8.85,8.90,4.52,4.56,5272,-0.51,13.42,13.46,8.90
-4.30,8.80,8.86,4.24,4.30,5325,-0.48,13.10,13.16,8.86
-3.98,8.79,8.82,3.95,3.98,5378,-0.45,12.77,12.79,8.82
-3.60,8.76,8.78,3.59,3.60,5432,-0.42,12.37,12.38,8.78
-3.18,8.77,8.73,3.22,3.18,5486,-0.39,11.96,11.92,8.73
-2.73,8.76,8.69,2.80,2.73,5541,-0.36,11.49,11.42,8.69
-2.24,8.73,8.65,2.32,2.24,5596,-0.32,10.97,10.89,8.65
-1.73,8.65,8.60,1.78,1.73,5652,-0.29,10.38,10.33,8.60
-1.20,8.57,8.55,1.21,1.20,5709,-0.26,9.77,9.75,8.55
-0.66,8.48,8.51,0.63,0.66,5766,-0.23,9.14,9.16,8.51
-0.11,8.40,8.46,0.06,0.11,5823,-0.20,8.52,8.57,8.46
0.43,8.32,8.41,-0.51,-0.43,5882,-0.17,7.90,7.98,8.41
0.96,8.27,8.35,-1.05,-0.96,5940,-0.14,7.31,7.39,8.35
1.48,8.22,8.30,-1.56,-1.48,6000,-0.11,6.74,6.82,8.30
1.98,8.17,8.24,-2.05,-1.98,6060,-0.08,6.19,6.26,8.24
2.46,8.11,8.18,-2.53,-2.46,6120,-0.05,5.65,5.72,8.18
2.92,8.06,8.11,-2.97,-2.92,6182,-0.03,5.15,5.20,8.12
3.35,8.01,8.05,-3.39,-3.35,6244,0.00,4.66,4.70,8.05
3.76,7.95,7.98,-3.78,-3.76,6306,0.03,4.20,4.22,7.98
4.14,7.89,7.91,-4.16,-4.14,6369,0.06,3.75,3.77,7.91
4.41,7.74,7.74,-4.51,-4.50,6433,0.09,3.33,3.33,7.83
4.55,7.47,7.47,-4.84,-4.83,6497,0.12,2.92,2.92,7.75
4.57,7.09,7.09,-5.15,-5.15,6562,0.14,2.52,2.52,7.67
4.47,6.63,6.61,-5.43,-5.45,6628,0.17,2.16,2.14,7.59
4.28,6.07,6.05,-5.70,-5.72,6694,0.20,1.80,1.77,7.50
3.98,5.46,5.41,-5.93,-5.98,6761,0.23,1.48,1.42,7.40
3.60,4.77,4.69,-6.14,-6.21,6828,0.25,1.17,1.09,7.31
3.19,4.03,3.97,-6.36,-6.42,6897,0.28,0.85,0.79,7.21
2.77,3.35,3.28,-6.53,-6.60,6966,0.31,0.58,0.50,7.10
2.37,2.68,2.62,-6.69,-6.75,7035,0.33,0.31,0.25,7.00
1.98,2.06,2.00,-6.81,-6.86,7106,0.35,0.08,0.02,6.89
1.64,1.49,1.46,-6.92,-6.94,7177,0.38,-0.14,-0.17,6.77
1.33,0.98,0.99,-7.00,-6.99,7249,0.40,-0.34,-0.33,6.66
1.06,0.56,0.61,-7.04,-6.99,7321,0.42,-0.50,-0.46,6.54
0.84,0.21,0.30,-7.05,-6.95,7394,0.44,-0.63,-0.54,6.42
0.66,-0.08,0.07,-7.03,-6.88,7468,0.46,-0.74,-0.59,6.29
0.52,-0.26,-0.08,-6.93,-6.76,7543,0.48,-0.77,-0.60,6.16
0.40,-0.34,-0.17,-6.77,-6.59,7618,0.49,-0.74,-0.57,6.03
0.31,-0.32,-0.19,-6.52,-6.39,7694,0.51,-0.62,-0.50,5.89
0.24,-0.27,-0.15,-6.26,-6.14,7771,0.52,-0.50,-0.38,5.76
0.18,-0.17,-0.05,-5.97,-5.85,7849,0.53,-0.35,-0.23,5.62
0.14,-0.07,0.10,-5.68,-5.51,7928,0.54,-0.20,-0.04,5.47
0.11,0.06,0.29,-5.37,-5.14,8007,0.55,-0.04,0.19,5.33
0.08,0.18,0.53,-5.09,-4.73,8087,0.55,0.10,0.45,5.18
0.06,0.33,0.80,-4.77,-4.29,8168,0.55,0.27,0.74,5.03
0.05,0.50,1.11,-4.43,-3.82,8250,0.55,0.46,1.06,4.88
0.04,0.72,1.44,-4.04,-3.33,8332,0.55,0.69,1.40,4.73
0.03,0.98,1.79,-3.62,-2.82,8415,0.55,0.96,1.76,4.58
0.02,1.26,2.14,-3.19,-2.30,8499,0.54,1.24,2.12,4.42
0.02,1.60,2.50,-2.68,-1.78,8584,0.54,1.59,2.49,4.26
0.01,2.02,2.86,-2.10,-1.26,8670,0.53,2.01,2.85,4.11
-0.06,2.42,3.13,-1.47,-0.76,8757,0.52,2.48,3.19,3.95
-0.21,2.75,3.30,-0.82,-0.28,8845,0.51,2.97,3.51,3.79
-0.45,3.10,3.35,-0.08,0.17,8933,0.50,3.55,3.80,3.63
-0.71,3.40,3.33,0.65,0.58,9022,0.48,4.12,4.04,3.46
-0.98,3.76,3.26,1.44,0.94,9113,0.47,4.75,4.24,3.30
-1.24,4.05,3.14,2.16,1.24,9204,0.45,5.30,4.39,3.14
-1.49,4.34,2.98,2.86,1.49,9296,0.44,5.84,4.47,2.98
-1.68,4.53,2.82,3.39,1.68,9389,0.42,6.21,4.49,2.81
-1.80,4.67,2.65,3.82,1.80,9483,0.41,6.47,4.45,2.65
-1.84,4.64,2.49,4.00,1.84,9577,0.39,6.49,4.33,2.48
-1.83,4.36,2.33,3.87,1.83,9673,0.37,6.19,4.15,2.32
-1.74,4.01,2.16,3.59,1.74,9770,0.36,5.75,3.90,2.16
-1.59,3.51,2.00,3.11,1.59,9868,0.34,5.10,3.59,1.99
-1.38,2.96,1.83,2.51,1.38,9966,0.33,4.34,3.21,1.83
-1.12,2.36,1.67,1.81,1.12,10066,0.31,3.48,2.79,1.66
-0.81,1.77,1.51,1.08,0.81,10167,0.30,2.58,2.31,1.50
-0.54,1.13,1.26,0.34,0.45,10268,0.28,1.68,1.80,1.33
-0.34,0.46,0.92,-0.38,0.07,10371,0.27,0.80,1.25,1.17
-0.19,-0.21,0.49,-1.03,-0.33,10475,0.25,-0.02,0.68,1.01
-0.09,-0.89,0.01,-1.64,-0.75,10579,0.24,-0.79,0.10,0.84
-0.03,-1.55,-0.51,-2.21,-1.17,10685,0.23,-1.52,-0.48,0.68
0.00,-2.18,-1.07,-2.70,-1.59,10792,0.21,-2.18,-1.07,0.52
0.00,-2.80,-1.64,-3.16,-2.00,10900,0.20,-2.80,-1.64,0.35
0.00,-3.35,-2.19,-3.55,-2.39,11009,0.19,-3.35,-2.19,0.19
0.00,-3.84,-2.73,-3.87,-2.76,11119,0.18,-3.84,-2.73,0.03
0.00,-4.29,-3.24,-4.16,-3.10,11230,0.17,-4.29,-3.24,-0.14
0.00,-4.69,-3.72,-4.39,-3.42,11343,0.16,-4.69,-3.72,-0.30
0.00,-5.05,-4.17,-4.59,-3.70,11456,0.15,-5.05,-4.17,-0.46
0.00,-5.36,-4.59,-4.73,-3.96,11571,0.14,-5.36,-4.59,-0.63
0.00,-5.63,-4.98,-4.84,-4.18,11686,0.13,-5.63,-4.98,-0.80
0.00,-5.87,-5.35,-4.91,-4.38,11803,0.12,-5.87,-5.35,-0.96
0.00,-6.08,-5.69,-4.95,-4.56,11921,0.11,-6.08,-5.69,-1.13
0.00,-6.24,-6.02,-4.95,-4.72,12040,0.10,-6.24,-6.02,-1.30
0.00,-6.38,-6.33,-4.92,-4.86,12161,0.09,-6.38,-6.33,-1.47
0.00,-6.51,-6.64,-4.88,-5.00,12282,0.08,-6.51,-6.64,-1.64
0.00,-6.62,-6.95,-4.81,-5.13,12405,0.07,-6.62,-6.95,-1.81
0.00,-6.76,-7.26,-4.78,-5.27,12529,0.06,-6.76,-7.26,-1.98
0.00,-6.92,-7.57,-4.77,-5.41,12655,0.06,-6.92,-7.57,-2.16
0.00,-7.08,-7.90,-4.75,-5.57,12781,0.05,-7.08,-7.90,-2.33
0.00,-7.33,-8.25,-4.83,-5.74,12909,0.04,-7.33,-8.25,-2.51
0.00,-7.64,-8.62,-4.96,-5.93,13038,0.03,-7.64,-8.62,-2.69
0.00,-8.01,-9.01,-5.15,-6.14,13168,0.02,-8.01,-9.01,-2.86
0.00,-8.45,-9.42,-5.41,-6.38,13300,0.01,-8.45,-9.42,-3.04
0.00,-8.97,-9.85,-5.75,-6.63,13433,0.01,-8.97,-9.85,-3.23
0.00,-9.54,-10.31,-6.14,-6.91,13567,-0.00,-9.54,-10.31,-3.41
0.00,-10.20,-10.79,-6.61,-7.21,13703,-0.01,-10.20,-10.79,-3.59
0.00,-10.89,-11.29,-7.12,-7.52,13840,-0.02,-10.89,-11.29,-3.77
0.00,-11.59,-11.80,-7.64,-7.85,13978,-0.03,-11.59,-11.80,-3.96
0.00,-12.32,-12.33,-8.18,-8.19,14118,-0.04,-12.32,-12.33,-4.14
0.00,-13.06,-12.86,-8.73,-8.54,14259,-0.05,-13.06,-12.86,-4.33
0.00,-13.81,-13.40,-9.29,-8.90,14402,-0.06,-13.81,-13.40,-4.52
0.00,-14.52,-13.95,-9.82,-9.25,14546,-0.07,-14.52,-13.95,-4.71
0.00,-15.23,-14.48,-10.33,-9.59,14692,-0.08,-15.23,-14.48,-4.90
0.00,-15.91,-15.02,-10.82,-9.93,14838,-0.09,-15.91,-15.02,-5.09
0.00,-16.43,-15.54,-11.15,-10.26,14987,-0.10,-16.43,-15.54,-5.29
0.00,-16.76,-16.05,-11.28,-10.57,15137,-0.11,-16.76,-16.05,-5.48
0.00,-17.09,-16.54,-11.41,-10.86,15288,-0.12,-17.09,-16.54,-5.68
0.00,-17.41,-17.02,-11.53,-11.13,15441,-0.13,-17.41,-17.02,-5.88
0.00,-17.74,-17.48,-11.66,-11.39,15595,-0.14,-17.74,-17.48,-6.09
0.00,-18.07,-17.92,-11.78,-11.62,15751,-0.15,-18.07,-17.92,-6.30
0.00,-18.39,-18.34,-11.89,-11.83,15909,-0.15,-18.39,-18.34,-6.51
0.00,-18.72,-18.74,-12.00,-12.02,16068,-0.15,-18.72,-18.74,-6.72
0.00,-19.05,-19.13,-12.12,-12.18,16229,-0.15,-19.05,-19.13,-6.94
0.00,-19.37,-19.50,-12.21,-12.33,16391,-0.15,-19.37,-19.50,-7.16
0.00,-19.70,-19.86,-12.32,-12.46,16555,-0.14,-19.70,-19.86,-7.38
0.00,-20.03,-20.20,-12.42,-12.57,16720,-0.13,-20.03,-20.20,-7.61
0.00,-20.35,-20.53,-12.50,-12.67,16888,-0.12,-20.35,-20.53,-7.85
0.00,-20.68,-20.85,-12.60,-12.76,17056,-0.11,-20.68,-20.85,-8.09
0.00,-21.01,-21.17,-12.68,-12.83,17227,-0.10,-21.01,-21.17,-8.33
0.00,-21.33,-21.48,-12.76,-12.89,17399,-0.09,-21.33,-21.48,-8.58
0.00,-21.66,-21.79,-12.83,-12.95,17573,-0.08,-21.66,-21.79,-8.83
0.00,-21.99,-22.09,-12.91,-13.00,17749,-0.07,-21.99,-22.09,-9.09
0.00,-22.31,-22.40,-12.97,-13.05,17926,-0.06,-22.31,-22.40,-9.35
0.00,-22.64,-22.71,-13.03,-13.09,18106,-0.05,-22.64,-22.71,-9.61
0.00,-22.97,-23.01,-13.09,-13.13,18287,-0.05,-22.97,-23.01,-9.88
0.00,-23.30,-23.32,-13.15,-13.16,18470,-0.04,-23.30,-23.32,-10.16
0.00,-23.62,-23.64,-13.19,-13.20,18654,-0.03,-23.62,-23.64,-10.44
0.00,-23.95,-23.95,-13.23,-13.24,18841,-0.03,-23.95,-23.95,-10.72
0.00,-24.27,-24.27,-13.27,-13.27,19029,-0.02,-24.27,-24.27,-11.01
0.00,-24.60,-24.60,-13.31,-13.30,19220,-0.02,-24.60,-24.60,-11.30
0.00,-24.93,-24.92,-13.34,-13.33,19412,-0.02,-24.93,-24.92,-11.59
0.00,-25.26,-25.25,-13.37,-13.36,19606,-0.01,-25.26,-25.25,-11.89
0.00,-25.58,-25.59,-13.39,-13.39,19802,-0.01,-25.58,-25.59,-12.20
0.00,-25.91,-25.92,-13.41,-13.42,20000,-0.01,-25.91,-25.92,-12.51
