frequency,raw,error,smoothed,error_smoothed,equalization,parametric_eq,fixed_band_eq,equalized_raw,equalized_smoothed,target
20.00,-10.26,-10.59,-10.27,-10.60,6.00,6.22,2.78,-4.26,-4.27,0.33
20.20,-10.22,-10.58,-10.21,-10.57,6.00,6.22,2.86,-4.22,-4.21,0.36
20.40,-10.16,-10.55,-10.15,-10.54,6.00,6.21,2.94,-4.16,-4.15,0.39
20.61,-10.09,-10.50,-10.08,-10.50,6.00,6.21,3.02,-4.09,-4.08,0.41
20.81,-9.99,-10.43,-10.00,-10.44,6.00,6.21,3.11,-3.99,-4.00,0.44
21.02,-9.93,-10.40,-9.92,-10.38,6.00,6.20,3.20,-3.93,-3.92,0.47
21.23,-9.84,-10.32,-9.84,-10.32,6.00,6.20,3.29,-3.84,-3.84,0.48
21.44,-9.76,-10.25,-9.76,-10.25,6.00,6.19,3.38,-3.76,-3.76,0.49
21.66,-9.68,-10.18,-9.67,-10.17,6.00,6.19,3.48,-3.68,-3.67,0.50
21.87,-9.59,-10.09,-9.60,-10.10,6.00,6.18,3.58,-3.59,-3.60,0.50
22.09,-9.52,-10.03,-9.52,-10.02,6.00,6.18,3.68,-3.52,-3.52,0.51
22.31,-9.45,-9.96,-9.44,-9.95,6.00,6.17,3.78,-3.45,-3.44,0.51
22.54,-9.35,-9.86,-9.36,-9.87,6.00,6.17,3.89,-3.35,-3.36,0.51
22.76,-9.29,-9.80,-9.28,-9.78,6.00,6.16,4.00,-3.29,-3.28,0.51
22.99,-9.18,-9.68,-9.19,-9.69,6.00,6.16,4.11,-3.18,-3.19,0.50
23.22,-9.12,-9.62,-9.11,-9.60,6.00,6.15,4.23,-3.12,-3.11,0.50
23.45,-9.01,-9.50,-9.02,-9.52,6.00,6.15,4.34,-3.01,-3.02,0.50
23.69,-8.95,-9.45,-8.94,-9.44,6.00,6.14,4.47,-2.95,-2.94,0.50
23.92,-8.86,-9.35,-8.86,-9.36,6.00,6.14,4.59,-2.86,-2.86,0.50
24.16,-8.78,-9.28,-8.78,-9.28,6.00,6.13,4.71,-2.78,-2.78,0.50
24.40,-8.70,-9.20,-8.69,-9.19,6.00,6.13,4.84,-2.70,-2.69,0.50
24.65,-8.60,-9.09,-8.61,-9.11,6.00,6.12,4.97,-2.60,-2.61,0.49
24.89,-8.54,-9.03,-8.53,-9.02,6.00,6.11,5.10,-2.54,-2.53,0.49
25.14,-8.44,-8.93,-8.45,-8.94,6.00,6.11,5.23,-2.44,-2.45,0.49
25.39,-8.37,-8.86,-8.37,-8.86,6.00,6.10,5.37,-2.37,-2.37,0.49
25.65,-8.29,-8.78,-8.29,-8.78,6.00,6.10,5.50,-2.29,-2.29,0.49
25.91,-8.21,-8.69,-8.21,-8.69,6.00,6.09,5.64,-2.21,-2.21,0.48
26.16,-8.13,-8.61,-8.13,-8.61,6.00,6.08,5.77,-2.13,-2.13,0.48
26.43,-8.05,-8.53,-8.05,-8.53,6.00,6.08,5.91,-2.05,-2.05,0.48
26.69,-7.98,-8.46,-7.98,-8.46,6.00,6.07,6.04,-1.98,-1.98,0.48
26.96,-7.90,-8.38,-7.91,-8.39,6.00,6.06,6.18,-1.90,-1.91,0.48
27.23,-7.84,-8.32,-7.84,-8.31,6.00,6.05,6.30,-1.84,-1.84,0.48
27.50,-7.77,-8.25,-7.76,-8.24,6.00,6.05,6.43,-1.77,-1.76,0.48
27.77,-7.69,-8.15,-7.70,-8.17,6.00,6.04,6.55,-1.69,-1.70,0.47
28.05,-7.63,-8.09,-7.63,-8.09,6.00,6.03,6.67,-1.63,-1.63,0.47
28.33,-7.57,-8.02,-7.57,-8.02,6.00,6.02,6.79,-1.57,-1.57,0.45
28.62,-7.50,-7.95,-7.51,-7.96,6.00,6.02,6.90,-1.50,-1.51,0.45
28.90,-7.45,-7.90,-7.44,-7.89,6.00,6.01,6.99,-1.45,-1.44,0.45
29.19,-7.38,-7.82,-7.38,-7.83,6.00,6.00,7.09,-1.38,-1.38,0.44
29.48,-7.32,-7.77,-7.32,-7.77,6.00,5.99,7.17,-1.32,-1.32,0.45
29.78,-7.26,-7.70,-7.26,-7.70,6.00,5.98,7.25,-1.26,-1.26,0.44
30.08,-7.20,-7.64,-7.20,-7.64,6.00,5.98,7.31,-1.20,-1.20,0.44
30.38,-7.13,-7.56,-7.13,-7.56,6.00,5.97,7.37,-1.13,-1.13,0.43
30.68,-7.07,-7.50,-7.07,-7.49,6.00,5.96,7.41,-1.07,-1.07,0.43
30.99,-7.01,-7.43,-7.01,-7.43,6.00,5.95,7.44,-1.01,-1.01,0.42
31.30,-6.95,-7.36,-6.95,-7.36,6.00,5.94,7.46,-0.95,-0.95,0.41
31.61,-6.89,-7.30,-6.90,-7.31,6.00,5.93,7.48,-0.89,-0.90,0.41
31.93,-6.84,-7.24,-6.84,-7.24,6.00,5.92,7.47,-0.84,-0.84,0.40
32.24,-6.80,-7.19,-6.78,-7.17,6.00,5.91,7.46,-0.80,-0.78,0.39
32.57,-6.70,-7.09,-6.72,-7.11,6.00,5.90,7.44,-0.70,-0.72,0.39
32.89,-6.66,-7.05,-6.66,-7.04,6.00,5.89,7.41,-0.66,-0.66,0.39
33.22,-6.61,-6.99,-6.61,-6.98,6.00,5.88,7.36,-0.61,-0.61,0.38
33.55,-6.56,-6.93,-6.55,-6.93,6.00,5.87,7.31,-0.56,-0.55,0.37
33.89,-6.50,-6.86,-6.50,-6.86,6.00,5.86,7.25,-0.50,-0.50,0.36
34.23,-6.43,-6.79,-6.44,-6.80,6.00,5.85,7.19,-0.43,-0.44,0.36
34.57,-6.40,-6.75,-6.39,-6.74,6.00,5.83,7.11,-0.40,-0.39,0.35
34.92,-6.34,-6.68,-6.34,-6.68,6.00,5.82,7.04,-0.34,-0.34,0.34
35.27,-6.29,-6.63,-6.29,-6.62,6.00,5.81,6.95,-0.29,-0.29,0.34
35.62,-6.24,-6.56,-6.24,-6.56,6.00,5.80,6.87,-0.24,-0.24,0.32
35.97,-6.20,-6.51,-6.20,-6.51,6.00,5.79,6.78,-0.20,-0.20,0.31
36.33,-6.15,-6.46,-6.15,-6.46,6.00,5.77,6.69,-0.15,-0.15,0.31
36.70,-6.12,-6.42,-6.11,-6.41,6.00,5.76,6.59,-0.12,-0.11,0.30
37.06,-6.07,-6.35,-6.07,-6.36,6.00,5.75,6.50,-0.07,-0.07,0.29
37.43,-6.03,-6.31,-6.03,-6.31,6.00,5.73,6.41,-0.03,-0.03,0.28
37.81,-6.00,-6.27,-6.00,-6.27,6.00,5.72,6.31,0.00,0.00,0.27
38.19,-5.97,-6.23,-5.97,-6.23,6.00,5.71,6.22,0.03,0.04,0.26
38.57,-5.93,-6.18,-5.94,-6.19,6.01,5.69,6.13,0.08,0.07,0.25
38.95,-5.91,-6.15,-5.91,-6.15,6.01,5.68,6.04,0.10,0.10,0.24
39.34,-5.88,-6.11,-5.87,-6.10,6.00,5.66,5.95,0.12,0.13,0.23
39.74,-5.84,-6.06,-5.85,-6.06,6.00,5.65,5.87,0.16,0.15,0.22
40.14,-5.81,-6.02,-5.81,-6.02,5.99,5.63,5.78,0.18,0.17,0.21
40.54,-5.79,-5.99,-5.78,-5.98,5.97,5.62,5.71,0.18,0.19,0.20
40.94,-5.75,-5.94,-5.76,-5.95,5.95,5.60,5.63,0.20,0.19,0.20
41.35,-5.74,-5.92,-5.73,-5.91,5.92,5.58,5.56,0.18,0.19,0.18
41.76,-5.70,-5.88,-5.70,-5.88,5.89,5.57,5.49,0.19,0.19,0.18
42.18,-5.66,-5.83,-5.67,-5.84,5.85,5.55,5.42,0.19,0.17,0.17
42.60,-5.65,-5.81,-5.64,-5.80,5.80,5.53,5.36,0.15,0.16,0.16
43.03,-5.61,-5.77,-5.61,-5.76,5.75,5.51,5.31,0.14,0.15,0.16
43.46,-5.56,-5.70,-5.57,-5.71,5.70,5.50,5.25,0.14,0.13,0.14
43.90,-5.53,-5.65,-5.52,-5.65,5.64,5.48,5.20,0.11,0.12,0.12
44.33,-5.48,-5.58,-5.48,-5.58,5.59,5.46,5.16,0.11,0.10,0.10
44.78,-5.44,-5.53,-5.44,-5.52,5.53,5.44,5.12,0.09,0.09,0.09
45.23,-5.39,-5.46,-5.39,-5.46,5.46,5.42,5.08,0.07,0.07,0.07
45.68,-5.34,-5.40,-5.34,-5.40,5.40,5.40,5.05,0.06,0.06,0.06
46.13,-5.30,-5.34,-5.29,-5.34,5.34,5.38,5.02,0.04,0.05,0.04
46.60,-5.25,-5.29,-5.25,-5.28,5.28,5.36,4.99,0.03,0.03,0.04
47.06,-5.20,-5.22,-5.21,-5.23,5.23,5.33,4.97,0.03,0.02,0.02
47.53,-5.17,-5.17,-5.16,-5.17,5.17,5.31,4.95,0.00,0.01,0.00
48.01,-5.14,-5.14,-5.13,-5.12,5.12,5.29,4.93,-0.02,-0.01,-0.00
48.49,-5.09,-5.06,-5.11,-5.08,5.07,5.27,4.92,-0.02,-0.04,-0.03
48.97,-5.09,-5.03,-5.09,-5.03,5.03,5.24,4.91,-0.06,-0.06,-0.06
49.46,-5.09,-5.01,-5.07,-4.99,4.99,5.22,4.91,-0.09,-0.08,-0.08
49.96,-5.05,-4.94,-5.06,-4.96,4.96,5.19,4.90,-0.08,-0.10,-0.11
50.46,-5.05,-4.93,-5.05,-4.93,4.94,5.17,4.90,-0.11,-0.11,-0.12
50.96,-5.05,-4.91,-5.05,-4.91,4.92,5.14,4.90,-0.13,-0.13,-0.14
51.47,-5.06,-4.90,-5.07,-4.91,4.90,5.12,4.90,-0.16,-0.16,-0.16
51.99,-5.09,-4.91,-5.08,-4.90,4.89,5.09,4.91,-0.20,-0.19,-0.18
52.51,-5.09,-4.90,-5.09,-4.89,4.88,5.06,4.92,-0.21,-0.21,-0.19
53.03,-5.09,-4.88,-5.09,-4.88,4.87,5.04,4.92,-0.22,-0.22,-0.21
53.56,-5.09,-4.86,-5.09,-4.86,4.86,5.01,4.93,-0.23,-0.23,-0.23
54.10,-5.09,-4.84,-5.10,-4.85,4.86,4.98,4.94,-0.23,-0.24,-0.25
54.64,-5.14,-4.87,-5.12,-4.85,4.86,4.95,4.94,-0.28,-0.26,-0.27
55.18,-5.14,-4.85,-5.15,-4.86,4.87,4.92,4.95,-0.27,-0.28,-0.29
55.74,-5.19,-4.88,-5.18,-4.88,4.88,4.89,4.96,-0.31,-0.31,-0.31
56.29,-5.21,-4.89,-5.21,-4.89,4.89,4.85,4.96,-0.32,-0.32,-0.32
56.86,-5.26,-4.92,-5.25,-4.91,4.91,4.82,4.96,-0.35,-0.34,-0.34
57.42,-5.29,-4.92,-5.29,-4.93,4.93,4.79,4.96,-0.35,-0.36,-0.37
58.00,-5.33,-4.95,-5.33,-4.95,4.96,4.76,4.96,-0.37,-0.37,-0.38
58.58,-5.37,-4.98,-5.36,-4.97,4.98,4.72,4.95,-0.39,-0.38,-0.39
59.16,-5.40,-5.00,-5.40,-5.00,5.00,4.69,4.94,-0.40,-0.40,-0.40
59.76,-5.43,-5.01,-5.44,-5.02,5.01,4.65,4.93,-0.42,-0.43,-0.42
60.35,-5.47,-5.03,-5.46,-5.02,5.01,4.61,4.91,-0.46,-0.45,-0.44
60.96,-5.47,-5.01,-5.47,-5.01,4.99,4.58,4.89,-0.48,-0.48,-0.46
61.57,-5.47,-4.98,-5.47,-4.99,4.97,4.54,4.86,-0.50,-0.50,-0.49
62.18,-5.47,-4.95,-5.45,-4.94,4.94,4.50,4.82,-0.53,-0.52,-0.52
62.80,-5.42,-4.89,-5.43,-4.89,4.89,4.46,4.79,-0.53,-0.53,-0.53
63.43,-5.38,-4.82,-5.39,-4.83,4.84,4.42,4.74,-0.54,-0.55,-0.56
64.07,-5.35,-4.77,-5.34,-4.77,4.78,4.38,4.70,-0.57,-0.56,-0.58
64.71,-5.30,-4.71,-5.30,-4.71,4.71,4.34,4.64,-0.59,-0.59,-0.59
65.35,-5.26,-4.65,-5.26,-4.65,4.65,4.29,4.59,-0.61,-0.61,-0.61
66.01,-5.21,-4.58,-5.21,-4.58,4.57,4.25,4.52,-0.64,-0.63,-0.63
66.67,-5.15,-4.50,-5.15,-4.50,4.50,4.20,4.46,-0.65,-0.65,-0.65
67.33,-5.09,-4.42,-5.09,-4.42,4.42,4.16,4.39,-0.67,-0.67,-0.67
68.01,-5.03,-4.34,-5.03,-4.34,4.34,4.11,4.31,-0.69,-0.69,-0.69
68.69,-4.96,-4.25,-4.96,-4.25,4.25,4.06,4.24,-0.71,-0.71,-0.71
69.37,-4.89,-4.16,-4.89,-4.16,4.16,4.02,4.16,-0.73,-0.73,-0.73
70.07,-4.82,-4.07,-4.82,-4.07,4.06,3.97,4.07,-0.75,-0.75,-0.75
70.77,-4.75,-3.98,-4.74,-3.97,3.96,3.92,3.99,-0.78,-0.78,-0.76
71.48,-4.65,-3.86,-4.66,-3.87,3.86,3.87,3.90,-0.79,-0.80,-0.79
72.19,-4.58,-3.77,-4.57,-3.76,3.75,3.82,3.81,-0.82,-0.82,-0.81
72.91,-4.47,-3.63,-4.48,-3.64,3.65,3.76,3.72,-0.82,-0.83,-0.84
73.64,-4.41,-3.55,-4.40,-3.54,3.54,3.71,3.62,-0.87,-0.85,-0.86
74.38,-4.30,-3.42,-4.31,-3.43,3.44,3.66,3.53,-0.86,-0.87,-0.88
75.12,-4.24,-3.34,-4.23,-3.33,3.34,3.60,3.44,-0.90,-0.90,-0.90
75.87,-4.16,-3.24,-4.16,-3.24,3.24,3.55,3.34,-0.92,-0.91,-0.92
76.63,-4.09,-3.15,-4.09,-3.15,3.16,3.49,3.25,-0.93,-0.93,-0.94
77.40,-4.03,-3.08,-4.03,-3.07,3.08,3.43,3.16,-0.95,-0.95,-0.95
78.17,-3.98,-3.00,-3.98,-3.00,3.01,3.38,3.06,-0.97,-0.97,-0.98
78.95,-3.93,-2.94,-3.93,-2.94,2.95,3.32,2.97,-0.98,-0.99,-0.99
79.74,-3.90,-2.89,-3.90,-2.89,2.89,3.26,2.88,-1.01,-1.01,-1.01
80.54,-3.87,-2.84,-3.86,-2.83,2.83,3.20,2.79,-1.04,-1.03,-1.03
81.35,-3.83,-2.78,-3.83,-2.78,2.78,3.14,2.70,-1.05,-1.05,-1.05
82.16,-3.80,-2.73,-3.80,-2.73,2.73,3.07,2.61,-1.07,-1.07,-1.07
82.98,-3.77,-2.68,-3.77,-2.68,2.68,3.01,2.53,-1.09,-1.09,-1.08
83.81,-3.74,-2.62,-3.74,-2.63,2.62,2.95,2.44,-1.12,-1.12,-1.12
84.65,-3.71,-2.57,-3.70,-2.57,2.56,2.88,2.36,-1.15,-1.14,-1.14
85.50,-3.66,-2.51,-3.66,-2.51,2.50,2.82,2.27,-1.16,-1.16,-1.15
86.35,-3.62,-2.44,-3.62,-2.44,2.44,2.75,2.19,-1.18,-1.18,-1.18
87.22,-3.57,-2.37,-3.57,-2.37,2.37,2.69,2.11,-1.20,-1.20,-1.20
88.09,-3.53,-2.30,-3.53,-2.30,2.30,2.62,2.04,-1.23,-1.22,-1.23
88.97,-3.48,-2.24,-3.48,-2.23,2.24,2.56,1.96,-1.24,-1.24,-1.24
89.86,-3.43,-2.16,-3.44,-2.17,2.17,2.49,1.88,-1.26,-1.27,-1.27
90.76,-3.40,-2.10,-3.40,-2.10,2.10,2.42,1.81,-1.30,-1.30,-1.30
91.66,-3.37,-2.05,-3.36,-2.03,2.04,2.35,1.74,-1.33,-1.32,-1.32
92.58,-3.32,-1.96,-3.32,-1.97,1.97,2.28,1.67,-1.34,-1.35,-1.36
93.51,-3.28,-1.91,-3.29,-1.91,1.91,2.21,1.60,-1.37,-1.38,-1.37
94.44,-3.27,-1.87,-3.26,-1.85,1.86,2.15,1.53,-1.41,-1.40,-1.40
95.39,-3.23,-1.80,-3.23,-1.80,1.80,2.08,1.46,-1.43,-1.43,-1.43
96.34,-3.21,-1.74,-3.21,-1.74,1.75,2.01,1.40,-1.46,-1.46,-1.47
97.30,-3.18,-1.68,-3.18,-1.69,1.69,1.94,1.33,-1.49,-1.49,-1.50
98.28,-3.17,-1.64,-3.17,-1.64,1.64,1.87,1.27,-1.53,-1.53,-1.52
99.26,-3.14,-1.59,-3.14,-1.59,1.59,1.79,1.21,-1.55,-1.56,-1.55
100.25,-3.13,-1.55,-3.12,-1.54,1.53,1.72,1.15,-1.60,-1.59,-1.58
101.25,-3.09,-1.48,-3.09,-1.48,1.48,1.65,1.09,-1.61,-1.62,-1.61
102.27,-3.07,-1.43,-3.07,-1.42,1.42,1.58,1.03,-1.64,-1.64,-1.64
103.29,-3.04,-1.36,-3.04,-1.37,1.37,1.51,0.98,-1.67,-1.67,-1.68
104.32,-3.01,-1.31,-3.01,-1.31,1.31,1.44,0.92,-1.70,-1.70,-1.70
105.37,-3.00,-1.27,-2.99,-1.26,1.25,1.37,0.87,-1.74,-1.73,-1.73
106.42,-2.95,-1.19,-2.96,-1.20,1.20,1.30,0.82,-1.75,-1.76,-1.76
107.48,-2.94,-1.15,-2.93,-1.14,1.14,1.23,0.76,-1.80,-1.79,-1.79
108.56,-2.90,-1.07,-2.90,-1.08,1.09,1.16,0.71,-1.81,-1.81,-1.83
109.64,-2.88,-1.02,-2.88,-1.03,1.03,1.09,0.66,-1.85,-1.85,-1.86
110.74,-2.86,-0.97,-2.86,-0.97,0.97,1.02,0.62,-1.89,-1.89,-1.89
111.85,-2.86,-0.94,-2.85,-0.93,0.92,0.96,0.57,-1.94,-1.93,-1.91
112.97,-2.81,-0.85,-2.82,-0.87,0.86,0.89,0.52,-1.95,-1.96,-1.96
114.10,-2.81,-0.82,-2.80,-0.80,0.80,0.82,0.48,-2.00,-1.99,-1.99
115.24,-2.77,-0.74,-2.78,-0.75,0.75,0.75,0.43,-2.02,-2.03,-2.03
116.39,-2.76,-0.69,-2.76,-0.69,0.70,0.69,0.39,-2.06,-2.06,-2.07
117.55,-2.76,-0.65,-2.74,-0.64,0.65,0.62,0.35,-2.11,-2.10,-2.11
118.73,-2.72,-0.58,-2.74,-0.60,0.59,0.56,0.31,-2.12,-2.14,-2.14
119.92,-2.72,-0.55,-2.72,-0.55,0.54,0.49,0.27,-2.18,-2.18,-2.17
121.12,-2.72,-0.51,-2.70,-0.49,0.49,0.43,0.23,-2.23,-2.21,-2.21
122.33,-2.68,-0.44,-2.69,-0.46,0.45,0.36,0.19,-2.23,-2.25,-2.24
123.55,-2.67,-0.40,-2.67,-0.40,0.40,0.30,0.16,-2.27,-2.28,-2.27
124.79,-2.67,-0.36,-2.65,-0.35,0.35,0.24,0.12,-2.32,-2.30,-2.30
126.03,-2.62,-0.28,-2.64,-0.30,0.30,0.18,0.09,-2.32,-2.34,-2.34
127.29,-2.62,-0.25,-2.63,-0.25,0.25,0.12,0.05,-2.37,-2.37,-2.37
128.57,-2.62,-0.20,-2.61,-0.20,0.20,0.06,0.02,-2.42,-2.41,-2.42
129.85,-2.62,-0.17,-2.61,-0.15,0.16,0.00,-0.01,-2.46,-2.45,-2.45
131.15,-2.58,-0.09,-2.60,-0.11,0.11,-0.06,-0.04,-2.47,-2.49,-2.48
132.46,-2.58,-0.06,-2.58,-0.06,0.06,-0.11,-0.07,-2.52,-2.52,-2.52
133.79,-2.58,-0.04,-2.56,-0.02,0.01,-0.17,-0.10,-2.57,-2.55,-2.54
135.12,-2.53,0.05,-2.55,0.03,-0.04,-0.22,-0.13,-2.57,-2.58,-2.58
136.48,-2.53,0.07,-2.52,0.09,-0.08,-0.27,-0.15,-2.61,-2.60,-2.60
137.84,-2.49,0.14,-2.50,0.14,-0.13,-0.33,-0.18,-2.62,-2.63,-2.63
139.22,-2.48,0.19,-2.48,0.18,-0.18,-0.38,-0.21,-2.65,-2.66,-2.67
140.61,-2.48,0.22,-2.47,0.23,-0.22,-0.43,-0.23,-2.70,-2.69,-2.70
142.02,-2.45,0.26,-2.46,0.26,-0.26,-0.48,-0.26,-2.71,-2.72,-2.71
143.44,-2.44,0.30,-2.44,0.30,-0.30,-0.52,-0.29,-2.74,-2.75,-2.74
144.87,-2.44,0.33,-2.42,0.34,-0.34,-0.57,-0.31,-2.78,-2.76,-2.76
146.32,-2.39,0.40,-2.41,0.38,-0.38,-0.62,-0.34,-2.77,-2.79,-2.79
147.78,-2.39,0.42,-2.39,0.42,-0.42,-0.66,-0.36,-2.81,-2.81,-2.81
149.26,-2.39,0.44,-2.37,0.47,-0.46,-0.70,-0.39,-2.85,-2.83,-2.83
150.75,-2.35,0.52,-2.36,0.50,-0.50,-0.75,-0.41,-2.85,-2.86,-2.87
152.26,-2.34,0.55,-2.35,0.54,-0.54,-0.79,-0.44,-2.88,-2.89,-2.89
153.78,-2.34,0.58,-2.33,0.59,-0.58,-0.83,-0.47,-2.92,-2.92,-2.92
155.32,-2.34,0.61,-2.33,0.62,-0.62,-0.87,-0.49,-2.96,-2.95,-2.95
156.88,-2.30,0.67,-2.32,0.66,-0.67,-0.91,-0.52,-2.97,-2.98,-2.97
158.44,-2.30,0.70,-2.30,0.71,-0.71,-0.94,-0.55,-3.01,-3.01,-3.00
160.03,-2.30,0.74,-2.28,0.76,-0.75,-0.98,-0.58,-3.05,-3.03,-3.04
161.63,-2.25,0.82,-2.27,0.80,-0.80,-1.01,-0.60,-3.05,-3.07,-3.07
163.24,-2.25,0.85,-2.25,0.84,-0.84,-1.05,-0.63,-3.09,-3.09,-3.10
164.88,-2.25,0.87,-2.23,0.89,-0.88,-1.08,-0.66,-3.13,-3.11,-3.12
166.53,-2.20,0.95,-2.22,0.93,-0.93,-1.11,-0.69,-3.13,-3.14,-3.15
168.19,-2.20,0.98,-2.21,0.97,-0.97,-1.14,-0.72,-3.17,-3.17,-3.17
169.87,-2.20,1.00,-2.19,1.01,-1.01,-1.17,-0.75,-3.21,-3.20,-3.20
171.57,-2.20,1.03,-2.19,1.04,-1.05,-1.20,-0.79,-3.25,-3.23,-3.23
173.29,-2.16,1.10,-2.17,1.08,-1.09,-1.22,-0.82,-3.25,-3.26,-3.26
175.02,-2.16,1.12,-2.17,1.12,-1.13,-1.25,-0.85,-3.29,-3.29,-3.28
176.77,-2.16,1.16,-2.15,1.17,-1.17,-1.28,-0.89,-3.33,-3.32,-3.32
178.54,-2.16,1.20,-2.15,1.21,-1.21,-1.30,-0.92,-3.37,-3.35,-3.36
180.32,-2.12,1.26,-2.13,1.25,-1.25,-1.32,-0.96,-3.37,-3.38,-3.38
182.13,-2.11,1.30,-2.12,1.29,-1.29,-1.34,-1.00,-3.40,-3.41,-3.41
183.95,-2.11,1.33,-2.10,1.33,-1.33,-1.37,-1.03,-3.44,-3.44,-3.44
185.79,-2.11,1.35,-2.09,1.37,-1.38,-1.39,-1.07,-3.48,-3.47,-3.46
187.65,-2.06,1.44,-2.08,1.41,-1.42,-1.41,-1.11,-3.48,-3.50,-3.50
189.52,-2.06,1.46,-2.06,1.46,-1.45,-1.42,-1.15,-3.51,-3.51,-3.52
191.42,-2.06,1.48,-2.04,1.50,-1.49,-1.44,-1.19,-3.55,-3.54,-3.54
193.33,-2.02,1.54,-2.04,1.53,-1.53,-1.46,-1.23,-3.55,-3.57,-3.56
195.27,-2.02,1.57,-2.02,1.57,-1.57,-1.47,-1.28,-3.59,-3.59,-3.59
197.22,-2.02,1.59,-2.00,1.61,-1.61,-1.49,-1.32,-3.63,-3.61,-3.61
199.19,-1.99,1.65,-2.00,1.63,-1.64,-1.50,-1.36,-3.63,-3.64,-3.64
201.18,-1.97,1.68,-1.98,1.68,-1.67,-1.52,-1.40,-3.64,-3.65,-3.65
203.19,-1.97,1.69,-1.95,1.71,-1.70,-1.53,-1.44,-3.67,-3.66,-3.66
205.23,-1.92,1.76,-1.93,1.74,-1.73,-1.54,-1.49,-3.65,-3.67,-3.68
207.28,-1.92,1.76,-1.92,1.76,-1.76,-1.55,-1.53,-3.68,-3.69,-3.68
209.35,-1.92,1.78,-1.91,1.79,-1.79,-1.56,-1.57,-3.71,-3.70,-3.70
211.44,-1.92,1.80,-1.91,1.80,-1.81,-1.57,-1.61,-3.73,-3.72,-3.72
213.56,-1.89,1.83,-1.90,1.82,-1.82,-1.58,-1.66,-3.71,-3.72,-3.71
215.69,-1.88,1.83,-1.88,1.84,-1.83,-1.59,-1.70,-3.71,-3.71,-3.71
217.85,-1.88,1.84,-1.88,1.85,-1.83,-1.59,-1.74,-3.71,-3.71,-3.72
220.03,-1.88,1.85,-1.89,1.84,-1.83,-1.60,-1.77,-3.71,-3.72,-3.73
222.23,-1.90,1.84,-1.90,1.83,-1.83,-1.60,-1.81,-3.73,-3.73,-3.74
224.45,-1.92,1.80,-1.91,1.82,-1.82,-1.61,-1.85,-3.74,-3.73,-3.72
226.70,-1.92,1.80,-1.92,1.80,-1.81,-1.61,-1.88,-3.73,-3.73,-3.72
228.96,-1.92,1.80,-1.92,1.79,-1.80,-1.62,-1.91,-3.72,-3.72,-3.72
231.25,-1.92,1.78,-1.92,1.79,-1.79,-1.62,-1.94,-3.71,-3.71,-3.70
233.57,-1.92,1.78,-1.92,1.78,-1.78,-1.62,-1.97,-3.70,-3.70,-3.70
235.90,-1.92,1.78,-1.92,1.78,-1.77,-1.63,-1.99,-3.69,-3.69,-3.70
238.26,-1.92,1.77,-1.92,1.77,-1.76,-1.63,-2.01,-3.68,-3.68,-3.69
240.64,-1.92,1.76,-1.92,1.76,-1.75,-1.63,-2.03,-3.67,-3.67,-3.68
243.05,-1.92,1.74,-1.92,1.74,-1.75,-1.63,-2.05,-3.67,-3.67,-3.66
245.48,-1.92,1.73,-1.92,1.73,-1.74,-1.63,-2.06,-3.66,-3.66,-3.65
247.93,-1.92,1.71,-1.91,1.72,-1.73,-1.63,-2.07,-3.65,-3.64,-3.63
250.41,-1.90,1.73,-1.90,1.72,-1.72,-1.63,-2.07,-3.62,-3.62,-3.63
252.92,-1.88,1.72,-1.89,1.71,-1.71,-1.62,-2.08,-3.59,-3.60,-3.60
255.45,-1.88,1.70,-1.88,1.70,-1.70,-1.62,-2.08,-3.58,-3.58,-3.58
258.00,-1.88,1.68,-1.87,1.69,-1.69,-1.62,-2.07,-3.57,-3.56,-3.56
260.58,-1.87,1.68,-1.86,1.68,-1.68,-1.62,-2.06,-3.55,-3.54,-3.54
263.19,-1.83,1.69,-1.85,1.68,-1.68,-1.61,-2.06,-3.50,-3.52,-3.52
265.82,-1.83,1.67,-1.83,1.67,-1.67,-1.61,-2.04,-3.50,-3.50,-3.50
268.48,-1.83,1.65,-1.81,1.66,-1.66,-1.60,-2.03,-3.49,-3.47,-3.48
271.16,-1.80,1.65,-1.80,1.65,-1.65,-1.60,-2.01,-3.45,-3.45,-3.45
273.87,-1.78,1.65,-1.79,1.64,-1.64,-1.59,-1.99,-3.42,-3.43,-3.43
276.61,-1.78,1.63,-1.78,1.63,-1.63,-1.59,-1.97,-3.41,-3.41,-3.41
279.38,-1.78,1.61,-1.76,1.63,-1.62,-1.58,-1.94,-3.40,-3.39,-3.39
282.17,-1.74,1.63,-1.75,1.62,-1.61,-1.58,-1.92,-3.35,-3.37,-3.37
284.99,-1.74,1.61,-1.75,1.60,-1.60,-1.57,-1.89,-3.34,-3.35,-3.35
287.84,-1.74,1.59,-1.73,1.59,-1.59,-1.56,-1.86,-3.33,-3.33,-3.33
290.72,-1.74,1.56,-1.72,1.58,-1.58,-1.55,-1.83,-3.32,-3.31,-3.30
293.63,-1.69,1.59,-1.71,1.57,-1.57,-1.55,-1.80,-3.26,-3.28,-3.28
296.57,-1.69,1.57,-1.69,1.57,-1.56,-1.54,-1.77,-3.25,-3.26,-3.26
299.53,-1.69,1.55,-1.69,1.55,-1.55,-1.53,-1.74,-3.24,-3.24,-3.24
302.53,-1.69,1.53,-1.68,1.53,-1.54,-1.52,-1.70,-3.23,-3.22,-3.22
305.55,-1.67,1.51,-1.67,1.52,-1.53,-1.51,-1.67,-3.19,-3.19,-3.18
308.61,-1.64,1.53,-1.65,1.51,-1.51,-1.50,-1.64,-3.15,-3.16,-3.16
311.69,-1.64,1.50,-1.64,1.49,-1.49,-1.49,-1.61,-3.13,-3.13,-3.14
314.81,-1.64,1.46,-1.63,1.47,-1.46,-1.48,-1.58,-3.10,-3.10,-3.10
317.96,-1.64,1.44,-1.64,1.44,-1.44,-1.47,-1.54,-3.08,-3.08,-3.08
321.14,-1.64,1.42,-1.65,1.41,-1.41,-1.46,-1.51,-3.05,-3.06,-3.06
324.35,-1.67,1.37,-1.67,1.37,-1.38,-1.45,-1.48,-3.05,-3.04,-3.04
327.59,-1.69,1.33,-1.68,1.34,-1.34,-1.44,-1.45,-3.03,-3.02,-3.02
330.87,-1.69,1.31,-1.69,1.31,-1.30,-1.43,-1.43,-2.99,-3.00,-3.00
334.18,-1.69,1.29,-1.71,1.27,-1.27,-1.42,-1.40,-2.96,-2.98,-2.98
337.52,-1.74,1.22,-1.72,1.23,-1.24,-1.41,-1.37,-2.97,-2.96,-2.96
340.90,-1.74,1.19,-1.74,1.20,-1.20,-1.40,-1.34,-2.94,-2.94,-2.93
344.30,-1.74,1.17,-1.74,1.17,-1.18,-1.39,-1.32,-2.92,-2.92,-2.91
347.75,-1.74,1.16,-1.74,1.15,-1.15,-1.38,-1.30,-2.89,-2.89,-2.89
351.23,-1.74,1.14,-1.74,1.14,-1.13,-1.36,-1.27,-2.87,-2.87,-2.88
354.74,-1.74,1.12,-1.74,1.11,-1.12,-1.35,-1.25,-2.86,-2.86,-2.86
358.28,-1.74,1.10,-1.74,1.10,-1.11,-1.34,-1.23,-2.85,-2.84,-2.84
361.87,-1.74,1.08,-1.72,1.10,-1.10,-1.33,-1.21,-2.84,-2.82,-2.82
365.49,-1.69,1.11,-1.71,1.09,-1.10,-1.31,-1.19,-2.79,-2.81,-2.80
369.14,-1.69,1.10,-1.69,1.10,-1.10,-1.30,-1.17,-2.79,-2.79,-2.79
372.83,-1.69,1.08,-1.67,1.11,-1.10,-1.29,-1.15,-2.78,-2.76,-2.77
376.56,-1.64,1.12,-1.66,1.10,-1.10,-1.28,-1.14,-2.74,-2.75,-2.76
380.33,-1.64,1.09,-1.64,1.10,-1.10,-1.26,-1.12,-2.74,-2.74,-2.73
384.13,-1.64,1.09,-1.62,1.10,-1.10,-1.25,-1.11,-2.74,-2.72,-2.73
387.97,-1.61,1.11,-1.62,1.10,-1.10,-1.24,-1.10,-2.71,-2.72,-2.72
391.85,-1.60,1.11,-1.61,1.09,-1.10,-1.22,-1.08,-2.70,-2.71,-2.71
395.77,-1.60,1.09,-1.59,1.10,-1.10,-1.21,-1.07,-2.70,-2.69,-2.69
399.73,-1.60,1.08,-1.58,1.10,-1.10,-1.20,-1.06,-2.70,-2.68,-2.68
403.72,-1.55,1.12,-1.57,1.10,-1.10,-1.18,-1.05,-2.65,-2.66,-2.67
407.76,-1.55,1.11,-1.55,1.10,-1.10,-1.17,-1.04,-2.65,-2.65,-2.66
411.84,-1.55,1.09,-1.55,1.10,-1.10,-1.16,-1.03,-2.65,-2.65,-2.64
415.96,-1.55,1.08,-1.54,1.09,-1.10,-1.14,-1.03,-2.65,-2.64,-2.63
420.12,-1.54,1.08,-1.53,1.09,-1.10,-1.13,-1.02,-2.64,-2.63,-2.62
424.32,-1.50,1.11,-1.51,1.10,-1.09,-1.12,-1.01,-2.59,-2.61,-2.61
428.56,-1.50,1.10,-1.50,1.10,-1.09,-1.10,-1.01,-2.59,-2.59,-2.60
432.85,-1.50,1.09,-1.50,1.10,-1.09,-1.09,-1.00,-2.59,-2.59,-2.59
437.18,-1.50,1.08,-1.50,1.08,-1.09,-1.08,-0.99,-2.59,-2.59,-2.58
441.55,-1.50,1.06,-1.49,1.07,-1.08,-1.06,-0.99,-2.58,-2.58,-2.56
445.96,-1.49,1.07,-1.48,1.07,-1.08,-1.05,-0.99,-2.57,-2.56,-2.55
450.42,-1.46,1.09,-1.47,1.07,-1.07,-1.04,-0.98,-2.53,-2.54,-2.55
454.93,-1.46,1.07,-1.46,1.07,-1.06,-1.03,-0.98,-2.52,-2.52,-2.53
459.48,-1.46,1.06,-1.46,1.06,-1.05,-1.01,-0.97,-2.51,-2.51,-2.52
464.07,-1.46,1.04,-1.46,1.04,-1.04,-1.00,-0.97,-2.49,-2.49,-2.50
468.71,-1.46,1.02,-1.46,1.02,-1.02,-0.99,-0.97,-2.48,-2.48,-2.48
473.40,-1.46,1.01,-1.46,1.00,-1.00,-0.97,-0.96,-2.46,-2.46,-2.47
478.13,-1.48,0.97,-1.47,0.98,-0.97,-0.96,-0.96,-2.45,-2.45,-2.45
482.91,-1.48,0.96,-1.49,0.95,-0.95,-0.95,-0.96,-2.43,-2.44,-2.44
487.74,-1.50,0.92,-1.49,0.92,-0.93,-0.94,-0.95,-2.43,-2.42,-2.42
492.62,-1.50,0.90,-1.50,0.90,-0.91,-0.92,-0.95,-2.41,-2.41,-2.40
497.55,-1.50,0.89,-1.50,0.88,-0.89,-0.91,-0.95,-2.39,-2.40,-2.39
502.52,-1.50,0.87,-1.50,0.87,-0.88,-0.90,-0.94,-2.38,-2.38,-2.37
507.55,-1.50,0.86,-1.49,0.87,-0.87,-0.89,-0.94,-2.37,-2.36,-2.36
512.62,-1.48,0.86,-1.48,0.86,-0.85,-0.88,-0.93,-2.33,-2.33,-2.34
517.75,-1.46,0.86,-1.47,0.85,-0.84,-0.87,-0.93,-2.30,-2.31,-2.32
522.93,-1.46,0.84,-1.46,0.85,-0.83,-0.85,-0.93,-2.29,-2.29,-2.30
528.16,-1.46,0.83,-1.46,0.83,-0.83,-0.84,-0.92,-2.29,-2.28,-2.29
533.44,-1.46,0.81,-1.46,0.81,-0.82,-0.83,-0.92,-2.28,-2.28,-2.27
538.77,-1.46,0.79,-1.45,0.80,-0.81,-0.82,-0.91,-2.27,-2.26,-2.25
544.16,-1.45,0.78,-1.44,0.79,-0.80,-0.81,-0.91,-2.25,-2.24,-2.23
549.60,-1.41,0.80,-1.42,0.79,-0.79,-0.80,-0.91,-2.20,-2.22,-2.21
555.10,-1.41,0.79,-1.41,0.79,-0.78,-0.79,-0.90,-2.19,-2.19,-2.20
560.65,-1.41,0.77,-1.41,0.78,-0.77,-0.78,-0.90,-2.18,-2.18,-2.18
566.25,-1.41,0.75,-1.41,0.76,-0.76,-0.77,-0.90,-2.16,-2.16,-2.16
571.92,-1.41,0.74,-1.41,0.74,-0.73,-0.76,-0.89,-2.14,-2.14,-2.15
577.64,-1.41,0.73,-1.42,0.72,-0.70,-0.76,-0.89,-2.11,-2.12,-2.14
583.41,-1.44,0.68,-1.44,0.68,-0.67,-0.75,-0.89,-2.11,-2.11,-2.12
589.25,-1.46,0.64,-1.46,0.64,-0.63,-0.74,-0.88,-2.09,-2.09,-2.10
595.14,-1.50,0.58,-1.50,0.59,-0.60,-0.73,-0.88,-2.10,-2.09,-2.08
601.09,-1.50,0.57,-1.51,0.55,-0.57,-0.73,-0.88,-2.07,-2.08,-2.07
607.10,-1.55,0.50,-1.52,0.53,-0.55,-0.72,-0.88,-2.10,-2.07,-2.05
613.17,-1.50,0.53,-1.51,0.52,-0.54,-0.72,-0.88,-2.04,-2.05,-2.03
619.30,-1.49,0.52,-1.49,0.53,-0.54,-0.71,-0.88,-2.03,-2.03,-2.01
625.50,-1.44,0.55,-1.44,0.56,-0.56,-0.71,-0.88,-2.00,-2.00,-1.99
631.75,-1.39,0.59,-1.40,0.59,-0.59,-0.70,-0.88,-1.98,-1.98,-1.98
638.07,-1.34,0.62,-1.34,0.63,-0.62,-0.70,-0.88,-1.96,-1.96,-1.96
644.45,-1.29,0.66,-1.28,0.67,-0.66,-0.70,-0.89,-1.95,-1.95,-1.95
650.89,-1.22,0.71,-1.23,0.71,-0.70,-0.69,-0.89,-1.92,-1.93,-1.93
657.40,-1.18,0.74,-1.17,0.75,-0.74,-0.69,-0.89,-1.92,-1.91,-1.92
663.98,-1.12,0.78,-1.12,0.78,-0.78,-0.69,-0.90,-1.89,-1.90,-1.90
670.62,-1.08,0.81,-1.08,0.81,-0.80,-0.69,-0.90,-1.88,-1.89,-1.89
677.32,-1.05,0.83,-1.05,0.84,-0.83,-0.69,-0.91,-1.88,-1.87,-1.88
684.10,-1.02,0.85,-1.02,0.85,-0.85,-0.69,-0.91,-1.87,-1.87,-1.87
690.94,-0.99,0.86,-0.99,0.86,-0.87,-0.70,-0.92,-1.85,-1.86,-1.85
697.85,-0.98,0.86,-0.97,0.88,-0.88,-0.70,-0.93,-1.86,-1.85,-1.84
704.83,-0.94,0.89,-0.95,0.89,-0.90,-0.70,-0.94,-1.84,-1.85,-1.83
711.87,-0.92,0.91,-0.92,0.90,-0.91,-0.71,-0.95,-1.83,-1.83,-1.82
718.99,-0.90,0.92,-0.89,0.93,-0.93,-0.72,-0.96,-1.83,-1.82,-1.81
726.18,-0.85,0.96,-0.86,0.95,-0.94,-0.72,-0.97,-1.79,-1.80,-1.80
733.44,-0.82,0.98,-0.82,0.97,-0.96,-0.73,-0.98,-1.78,-1.78,-1.79
740.78,-0.80,0.98,-0.79,0.99,-0.97,-0.74,-0.99,-1.77,-1.77,-1.77
748.19,-0.77,1.00,-0.78,0.99,-0.99,-0.75,-1.00,-1.76,-1.77,-1.76
755.67,-0.76,1.01,-0.76,1.00,-1.00,-0.77,-1.02,-1.76,-1.76,-1.76
763.23,-0.76,1.00,-0.74,1.01,-1.01,-0.78,-1.03,-1.77,-1.75,-1.75
770.86,-0.71,1.04,-0.73,1.02,-1.02,-0.80,-1.05,-1.73,-1.75,-1.74
778.57,-0.71,1.03,-0.70,1.03,-1.04,-0.81,-1.06,-1.75,-1.74,-1.73
786.35,-0.68,1.05,-0.68,1.05,-1.05,-0.83,-1.08,-1.73,-1.73,-1.72
794.22,-0.66,1.07,-0.65,1.07,-1.07,-0.85,-1.09,-1.73,-1.73,-1.72
802.16,-0.62,1.10,-0.62,1.09,-1.09,-0.87,-1.11,-1.71,-1.72,-1.71
810.18,-0.58,1.13,-0.59,1.12,-1.12,-0.89,-1.13,-1.70,-1.70,-1.71
818.28,-0.57,1.14,-0.56,1.15,-1.14,-0.92,-1.14,-1.71,-1.70,-1.71
826.46,-0.52,1.18,-0.53,1.17,-1.16,-0.94,-1.16,-1.68,-1.69,-1.70
834.73,-0.51,1.19,-0.51,1.19,-1.18,-0.97,-1.18,-1.69,-1.69,-1.70
843.08,-0.48,1.21,-0.48,1.21,-1.21,-1.00,-1.20,-1.69,-1.69,-1.69
851.51,-0.47,1.22,-0.46,1.22,-1.23,-1.03,-1.21,-1.70,-1.69,-1.69
860.02,-0.43,1.25,-0.44,1.24,-1.25,-1.07,-1.23,-1.67,-1.68,-1.68
868.62,-0.41,1.27,-0.41,1.27,-1.27,-1.10,-1.25,-1.67,-1.67,-1.68
877.31,-0.38,1.29,-0.38,1.28,-1.28,-1.14,-1.26,-1.66,-1.66,-1.67
886.08,-0.35,1.31,-0.35,1.30,-1.30,-1.18,-1.28,-1.65,-1.66,-1.66
894.94,-0.34,1.31,-0.33,1.32,-1.32,-1.21,-1.29,-1.66,-1.65,-1.65
903.89,-0.29,1.36,-0.30,1.34,-1.34,-1.26,-1.30,-1.63,-1.64,-1.65
912.93,-0.29,1.35,-0.28,1.36,-1.35,-1.30,-1.32,-1.64,-1.63,-1.64
922.06,-0.25,1.38,-0.26,1.37,-1.36,-1.34,-1.33,-1.61,-1.62,-1.63
931.28,-0.24,1.39,-0.24,1.38,-1.38,-1.38,-1.34,-1.62,-1.62,-1.63
940.59,-0.23,1.39,-0.22,1.39,-1.39,-1.42,-1.34,-1.62,-1.61,-1.62
950.00,-0.20,1.41,-0.21,1.40,-1.40,-1.47,-1.35,-1.60,-1.61,-1.61
959.50,-0.19,1.41,-0.18,1.41,-1.42,-1.51,-1.36,-1.61,-1.60,-1.60
969.09,-0.15,1.43,-0.15,1.43,-1.44,-1.55,-1.36,-1.59,-1.59,-1.58
978.78,-0.11,1.46,-0.11,1.45,-1.46,-1.59,-1.36,-1.57,-1.58,-1.57
988.57,-0.07,1.49,-0.06,1.49,-1.49,-1.63,-1.36,-1.56,-1.56,-1.56
998.46,-0.01,1.53,-0.01,1.53,-1.52,-1.67,-1.36,-1.53,-1.53,-1.54
1008.44,0.05,1.57,0.05,1.57,-1.56,-1.70,-1.36,-1.51,-1.51,-1.52
1018.53,0.11,1.61,0.10,1.60,-1.60,-1.73,-1.35,-1.49,-1.49,-1.50
1028.71,0.15,1.63,0.15,1.63,-1.63,-1.76,-1.34,-1.48,-1.48,-1.48
1039.00,0.20,1.66,0.20,1.66,-1.66,-1.77,-1.33,-1.46,-1.46,-1.46
1049.39,0.25,1.69,0.25,1.69,-1.69,-1.79,-1.32,-1.44,-1.44,-1.44
1059.88,0.31,1.73,0.30,1.72,-1.71,-1.80,-1.31,-1.40,-1.41,-1.42
1070.48,0.34,1.73,0.35,1.74,-1.72,-1.81,-1.29,-1.38,-1.37,-1.39
1081.19,0.39,1.75,0.38,1.74,-1.73,-1.80,-1.28,-1.34,-1.35,-1.36
1092.00,0.41,1.74,0.41,1.73,-1.73,-1.80,-1.26,-1.32,-1.32,-1.33
1102.92,0.41,1.71,0.43,1.72,-1.72,-1.78,-1.24,-1.31,-1.30,-1.30
1113.95,0.46,1.73,0.44,1.71,-1.72,-1.76,-1.22,-1.26,-1.27,-1.27
1125.09,0.46,1.69,0.47,1.69,-1.71,-1.73,-1.20,-1.25,-1.24,-1.23
1136.34,0.50,1.69,0.50,1.69,-1.70,-1.70,-1.18,-1.20,-1.19,-1.19
1147.70,0.53,1.67,0.54,1.68,-1.68,-1.65,-1.16,-1.15,-1.14,-1.14
1159.18,0.59,1.69,0.58,1.68,-1.67,-1.61,-1.13,-1.08,-1.09,-1.10
1170.77,0.62,1.68,0.62,1.67,-1.66,-1.56,-1.11,-1.04,-1.04,-1.06
1182.48,0.64,1.65,0.65,1.65,-1.65,-1.50,-1.09,-1.01,-1.00,-1.01
1194.30,0.68,1.64,0.67,1.63,-1.64,-1.44,-1.06,-0.95,-0.96,-0.96
1206.25,0.69,1.60,0.70,1.60,-1.62,-1.37,-1.04,-0.93,-0.92,-0.91
1218.31,0.74,1.59,0.74,1.59,-1.60,-1.30,-1.01,-0.85,-0.86,-0.85
1230.49,0.77,1.57,0.78,1.58,-1.57,-1.23,-0.99,-0.80,-0.79,-0.80
1242.80,0.83,1.58,0.81,1.56,-1.54,-1.15,-0.96,-0.71,-0.72,-0.75
1255.22,0.83,1.52,0.83,1.51,-1.50,-1.08,-0.94,-0.67,-0.68,-0.69
1267.78,0.83,1.46,0.84,1.46,-1.47,-1.00,-0.91,-0.64,-0.63,-0.63
1280.45,0.83,1.40,0.85,1.41,-1.42,-0.92,-0.89,-0.59,-0.58,-0.57
1293.26,0.88,1.38,0.86,1.36,-1.37,-0.85,-0.87,-0.49,-0.51,-0.50
1306.19,0.88,1.32,0.89,1.32,-1.32,-0.77,-0.84,-0.44,-0.43,-0.44
1319.25,0.90,1.27,0.90,1.26,-1.25,-0.69,-0.82,-0.35,-0.36,-0.37
1332.45,0.90,1.20,0.89,1.19,-1.18,-0.61,-0.80,-0.28,-0.29,-0.30
1345.77,0.88,1.11,0.89,1.12,-1.11,-0.54,-0.77,-0.23,-0.22,-0.23
1359.23,0.88,1.04,0.88,1.03,-1.03,-0.46,-0.75,-0.15,-0.16,-0.16
1372.82,0.87,0.95,0.86,0.94,-0.95,-0.39,-0.73,-0.08,-0.08,-0.08
1386.55,0.83,0.84,0.84,0.85,-0.85,-0.31,-0.71,-0.02,-0.01,-0.01
1400.41,0.83,0.77,0.82,0.75,-0.75,-0.24,-0.69,0.08,0.07,0.06
1414.42,0.78,0.65,0.79,0.65,-0.64,-0.17,-0.67,0.14,0.15,0.13
1428.56,0.76,0.55,0.76,0.54,-0.53,-0.10,-0.65,0.23,0.22,0.21
1442.85,0.71,0.43,0.71,0.42,-0.43,-0.03,-0.63,0.28,0.28,0.28
1457.28,0.66,0.31,0.66,0.31,-0.32,0.03,-0.61,0.34,0.34,0.35
1471.85,0.61,0.19,0.62,0.20,-0.22,0.10,-0.60,0.39,0.40,0.42
1486.57,0.60,0.11,0.60,0.11,-0.11,0.16,-0.58,0.49,0.49,0.49
1501.43,0.60,0.03,0.60,0.02,-0.01,0.23,-0.56,0.59,0.59,0.57
1516.45,0.60,-0.06,0.59,-0.07,0.09,0.29,-0.55,0.69,0.68,0.66
1531.61,0.57,-0.17,0.57,-0.18,0.18,0.35,-0.53,0.75,0.75,0.74
1546.93,0.55,-0.28,0.55,-0.28,0.28,0.41,-0.52,0.83,0.83,0.83
1562.40,0.53,-0.39,0.54,-0.38,0.37,0.48,-0.50,0.90,0.91,0.92
1578.02,0.55,-0.46,0.54,-0.47,0.46,0.54,-0.49,1.01,1.01,1.01
1593.80,0.55,-0.54,0.55,-0.55,0.56,0.61,-0.48,1.11,1.10,1.09
1609.74,0.55,-0.64,0.55,-0.64,0.65,0.67,-0.46,1.20,1.20,1.19
1625.84,0.55,-0.74,0.56,-0.74,0.74,0.74,-0.45,1.29,1.29,1.29
1642.10,0.56,-0.83,0.57,-0.83,0.83,0.81,-0.44,1.39,1.40,1.39
1658.52,0.60,-0.90,0.59,-0.91,0.92,0.88,-0.43,1.52,1.51,1.50
1675.10,0.60,-1.00,0.61,-0.99,1.01,0.94,-0.42,1.61,1.62,1.60
1691.85,0.64,-1.06,0.63,-1.08,1.09,1.01,-0.40,1.73,1.72,1.70
1708.77,0.64,-1.17,0.64,-1.17,1.17,1.07,-0.39,1.81,1.82,1.81
1725.86,0.67,-1.25,0.68,-1.25,1.24,1.13,-0.38,1.91,1.92,1.92
1743.12,0.72,-1.32,0.72,-1.32,1.30,1.17,-0.38,2.02,2.02,2.04
1760.55,0.80,-1.35,0.79,-1.36,1.35,1.21,-0.37,2.15,2.14,2.15
1778.15,0.87,-1.40,0.88,-1.39,1.38,1.22,-0.36,2.25,2.26,2.27
1795.94,1.01,-1.37,0.99,-1.39,1.39,1.22,-0.35,2.40,2.38,2.38
1813.90,1.11,-1.39,1.12,-1.38,1.38,1.20,-0.34,2.49,2.50,2.50
1832.03,1.27,-1.35,1.27,-1.36,1.36,1.17,-0.34,2.63,2.63,2.62
1850.36,1.43,-1.32,1.43,-1.32,1.32,1.12,-0.33,2.75,2.74,2.75
1868.86,1.60,-1.27,1.60,-1.27,1.27,1.07,-0.32,2.87,2.87,2.87
1887.55,1.78,-1.21,1.78,-1.21,1.22,1.00,-0.32,3.00,3.00,2.99
1906.42,1.97,-1.14,1.97,-1.14,1.16,0.94,-0.31,3.13,3.14,3.11
1925.49,2.17,-1.07,2.17,-1.08,1.10,0.87,-0.31,3.27,3.27,3.24
1944.74,2.37,-1.00,2.36,-1.01,1.03,0.80,-0.30,3.40,3.39,3.37
1964.19,2.54,-0.96,2.55,-0.95,0.96,0.74,-0.30,3.50,3.51,3.50
1983.83,2.74,-0.88,2.74,-0.89,0.88,0.67,-0.29,3.62,3.62,3.62
2003.67,2.95,-0.80,2.94,-0.80,0.78,0.61,-0.29,3.73,3.72,3.75
2023.71,3.15,-0.70,3.16,-0.70,0.68,0.54,-0.29,3.83,3.84,3.85
2043.94,3.39,-0.57,3.39,-0.58,0.56,0.47,-0.28,3.95,3.95,3.96
2064.38,3.63,-0.44,3.63,-0.44,0.43,0.41,-0.28,4.06,4.06,4.07
2085.03,3.89,-0.28,3.89,-0.29,0.28,0.34,-0.28,4.18,4.18,4.17
2105.88,4.15,-0.13,4.15,-0.13,0.14,0.28,-0.28,4.29,4.29,4.28
2126.94,4.42,0.04,4.41,0.02,-0.02,0.21,-0.28,4.40,4.39,4.38
2148.20,4.66,0.17,4.66,0.17,-0.16,0.14,-0.28,4.50,4.50,4.49
2169.69,4.90,0.31,4.90,0.31,-0.30,0.07,-0.28,4.60,4.60,4.59
2191.38,5.14,0.45,5.14,0.44,-0.43,-0.01,-0.28,4.71,4.71,4.69
2213.30,5.36,0.57,5.36,0.57,-0.54,-0.09,-0.28,4.82,4.83,4.79
2235.43,5.58,0.68,5.57,0.67,-0.64,-0.16,-0.28,4.95,4.93,4.90
2257.78,5.75,0.75,5.75,0.75,-0.73,-0.25,-0.28,5.02,5.03,5.00
2280.36,5.92,0.83,5.92,0.82,-0.82,-0.33,-0.28,5.10,5.11,5.09
2303.17,6.09,0.90,6.09,0.89,-0.92,-0.42,-0.28,5.18,5.17,5.19
2326.20,6.27,0.98,6.27,0.98,-1.03,-0.51,-0.29,5.25,5.25,5.29
2349.46,6.47,1.08,6.48,1.09,-1.15,-0.61,-0.29,5.32,5.33,5.39
2372.95,6.72,1.25,6.72,1.24,-1.29,-0.71,-0.29,5.43,5.43,5.47
2396.68,6.97,1.42,6.97,1.42,-1.44,-0.81,-0.30,5.53,5.53,5.55
2420.65,7.24,1.62,7.24,1.61,-1.60,-0.92,-0.30,5.64,5.64,5.62
2444.86,7.49,1.79,7.49,1.79,-1.76,-1.03,-0.31,5.73,5.73,5.70
2469.31,7.74,1.97,7.73,1.95,-1.92,-1.14,-0.31,5.82,5.81,5.77
2494.00,7.93,2.08,7.94,2.08,-2.06,-1.25,-0.32,5.87,5.87,5.85
2518.94,8.12,2.20,8.12,2.20,-2.19,-1.37,-0.33,5.94,5.94,5.92
2544.13,8.29,2.31,8.29,2.30,-2.28,-1.50,-0.33,6.01,6.00,5.98
2569.57,8.43,2.39,8.42,2.38,-2.36,-1.62,-0.34,6.07,6.07,6.04
2595.27,8.54,2.43,8.54,2.43,-2.42,-1.75,-0.35,6.12,6.12,6.11
2621.22,8.62,2.45,8.63,2.46,-2.46,-1.88,-0.36,6.16,6.17,6.17
2647.43,8.73,2.50,8.72,2.48,-2.50,-2.01,-0.36,6.23,6.22,6.23
2673.90,8.79,2.50,8.80,2.51,-2.53,-2.15,-0.37,6.26,6.27,6.29
2700.64,8.90,2.56,8.89,2.54,-2.56,-2.28,-0.38,6.34,6.33,6.34
2727.65,8.98,2.58,8.98,2.58,-2.59,-2.42,-0.39,6.39,6.39,6.40
2754.93,9.07,2.62,9.08,2.62,-2.62,-2.55,-0.40,6.45,6.45,6.45
2782.48,9.18,2.68,9.17,2.66,-2.66,-2.68,-0.42,6.52,6.51,6.50
2810.30,9.24,2.69,9.25,2.70,-2.69,-2.81,-0.43,6.55,6.56,6.55
2838.40,9.34,2.75,9.33,2.73,-2.73,-2.93,-0.44,6.61,6.60,6.59
2866.79,9.39,2.77,9.39,2.76,-2.76,-3.05,-0.45,6.63,6.63,6.62
2895.46,9.45,2.79,9.46,2.80,-2.79,-3.16,-0.47,6.66,6.67,6.66
2924.41,9.53,2.84,9.52,2.82,-2.83,-3.27,-0.48,6.70,6.69,6.69
2953.65,9.58,2.86,9.59,2.86,-2.86,-3.36,-0.49,6.72,6.73,6.72
2983.19,9.65,2.89,9.65,2.89,-2.89,-3.44,-0.51,6.76,6.76,6.76
3013.02,9.73,2.94,9.72,2.93,-2.93,-3.51,-0.52,6.80,6.79,6.79
3043.15,9.79,2.96,9.80,2.97,-2.98,-3.57,-0.54,6.82,6.83,6.83
3073.58,9.90,3.04,9.89,3.02,-3.02,-3.61,-0.56,6.88,6.87,6.86
3104.32,9.97,3.07,9.97,3.07,-3.08,-3.63,-0.57,6.89,6.90,6.90
3135.36,10.07,3.14,10.07,3.13,-3.14,-3.64,-0.59,6.94,6.93,6.93
3166.72,10.14,3.18,10.15,3.19,-3.20,-3.63,-0.60,6.94,6.95,6.96
3198.38,10.24,3.27,10.23,3.25,-3.27,-3.60,-0.62,6.97,6.97,6.97
3230.37,10.30,3.31,10.31,3.32,-3.33,-3.55,-0.64,6.97,6.98,6.99
3262.67,10.40,3.40,10.40,3.39,-3.39,-3.48,-0.65,7.01,7.00,7.00
3295.30,10.47,3.45,10.47,3.45,-3.45,-3.39,-0.67,7.03,7.03,7.02
3328.25,10.53,3.50,10.54,3.50,-3.49,-3.28,-0.68,7.04,7.05,7.03
3361.53,10.58,3.54,10.57,3.53,-3.51,-3.16,-0.70,7.07,7.06,7.04
3395.15,10.58,3.54,10.57,3.53,-3.52,-3.03,-0.71,7.06,7.05,7.04
3429.10,10.53,3.49,10.55,3.51,-3.51,-2.88,-0.72,7.02,7.04,7.04
3463.39,10.49,3.46,10.49,3.46,-3.47,-2.71,-0.73,7.02,7.02,7.03
3498.03,10.44,3.41,10.43,3.39,-3.40,-2.54,-0.74,7.04,7.03,7.03
3533.01,10.32,3.29,10.33,3.30,-3.30,-2.35,-0.75,7.02,7.03,7.03
3568.34,10.21,3.19,10.20,3.18,-3.17,-2.16,-0.76,7.05,7.03,7.02
3604.02,10.01,3.02,10.01,3.01,-2.99,-1.95,-0.76,7.02,7.02,6.99
3640.06,9.79,2.82,9.79,2.81,-2.78,-1.74,-0.76,7.01,7.01,6.97
3676.46,9.50,2.55,9.51,2.55,-2.53,-1.53,-0.76,6.97,6.98,6.95
3713.22,9.19,2.27,9.19,2.26,-2.24,-1.31,-0.76,6.95,6.95,6.92
3750.36,8.83,1.93,8.82,1.92,-1.92,-1.08,-0.75,6.91,6.90,6.90
3787.86,8.43,1.57,8.43,1.57,-1.57,-0.85,-0.75,6.86,6.86,6.86
3825.74,8.00,1.18,8.01,1.19,-1.20,-0.61,-0.73,6.81,6.82,6.82
3864.00,7.59,0.81,7.59,0.80,-0.80,-0.37,-0.72,6.79,6.78,6.78
3902.64,7.16,0.42,7.16,0.41,-0.40,-0.13,-0.70,6.76,6.75,6.74
3941.66,6.72,0.01,6.72,0.01,0.00,0.13,-0.67,6.72,6.72,6.71
3981.08,6.28,-0.39,6.28,-0.39,0.40,0.39,-0.64,6.68,6.68,6.67
4020.89,5.84,-0.78,5.84,-0.78,0.79,0.66,-0.61,6.63,6.63,6.62
4061.10,5.41,-1.15,5.41,-1.16,1.15,0.94,-0.57,6.56,6.55,6.56
4101.71,5.00,-1.50,5.00,-1.51,1.47,1.23,-0.53,6.47,6.47,6.50
4142.73,4.61,-1.84,4.63,-1.82,1.77,1.53,-0.49,6.38,6.40,6.45
4184.15,4.31,-2.08,4.31,-2.09,2.03,1.83,-0.44,6.34,6.34,6.39
4226.00,4.03,-2.30,4.04,-2.30,2.27,2.12,-0.39,6.30,6.31,6.33
4268.26,3.80,-2.47,3.81,-2.46,2.49,2.41,-0.33,6.29,6.29,6.27
4310.94,3.59,-2.60,3.58,-2.62,2.69,2.65,-0.27,6.28,6.26,6.19
4354.05,3.35,-2.76,3.34,-2.78,2.87,2.87,-0.21,6.22,6.21,6.11
4397.59,3.09,-2.95,3.09,-2.95,3.04,3.00,-0.14,6.13,6.13,6.04
4441.56,2.83,-3.13,2.84,-3.13,3.16,3.10,-0.07,5.99,6.00,5.96
4485.98,2.61,-3.27,2.58,-3.30,3.24,3.12,0.00,5.85,5.83,5.88
4530.84,2.39,-3.41,2.40,-3.40,3.27,3.11,0.08,5.66,5.67,5.80
4576.15,2.26,-3.45,2.31,-3.40,3.24,3.05,0.16,5.51,5.56,5.71
4621.91,2.35,-3.28,2.34,-3.29,3.17,2.99,0.24,5.52,5.51,5.63
4668.13,2.47,-3.07,2.47,-3.08,3.05,2.91,0.33,5.52,5.52,5.54
4714.81,2.63,-2.82,2.63,-2.83,2.91,2.83,0.42,5.54,5.53,5.45
4761.96,2.75,-2.62,2.75,-2.62,2.75,2.75,0.51,5.50,5.49,5.37
4809.58,2.83,-2.44,2.81,-2.47,2.59,2.67,0.60,5.43,5.41,5.27
4857.67,2.82,-2.36,2.81,-2.37,2.46,2.58,0.69,5.28,5.27,5.18
4906.25,2.76,-2.33,2.77,-2.31,2.35,2.49,0.79,5.11,5.13,5.09
4955.31,2.71,-2.28,2.72,-2.28,2.27,2.38,0.89,4.98,4.98,4.99
5004.87,2.69,-2.21,2.68,-2.23,2.19,2.26,0.99,4.88,4.86,4.90
5054.91,2.65,-2.17,2.66,-2.16,2.09,2.13,1.09,4.74,4.75,4.82
5105.46,2.68,-2.06,2.68,-2.06,1.97,1.98,1.20,4.65,4.65,4.74
5156.52,2.74,-1.93,2.75,-1.92,1.81,1.84,1.30,4.55,4.57,4.67
5208.08,2.86,-1.73,2.86,-1.73,1.64,1.69,1.41,4.50,4.50,4.59
5260.16,3.00,-1.51,2.99,-1.52,1.46,1.61,1.52,4.46,4.45,4.51
5312.77,3.11,-1.32,3.13,-1.31,1.30,1.54,1.64,4.41,4.42,4.43
5365.89,3.21,-1.14,3.21,-1.15,1.19,1.61,1.75,4.40,4.40,4.35
5419.55,3.22,-1.05,3.20,-1.08,1.16,1.72,1.87,4.38,4.35,4.27
5473.75,3.06,-1.14,3.05,-1.15,1.30,1.95,1.99,4.36,4.35,4.20
5528.49,2.75,-1.37,2.76,-1.37,1.58,2.23,2.11,4.33,4.34,4.12
5583.77,2.31,-1.73,2.31,-1.74,1.99,2.56,2.23,4.30,4.30,4.04
5639.61,1.73,-2.25,1.71,-2.27,2.50,2.91,2.36,4.23,4.21,3.98
5696.00,0.96,-2.95,0.96,-2.96,3.06,3.27,2.49,4.02,4.02,3.91
5752.96,0.05,-3.80,0.06,-3.79,3.66,3.63,2.62,3.71,3.72,3.85
5810.49,-0.96,-4.75,-0.95,-4.74,4.25,3.98,2.76,3.29,3.30,3.79
5868.60,-2.08,-5.81,-2.06,-5.80,4.78,4.33,2.90,2.70,2.72,3.73
5927.28,-3.27,-6.94,-3.26,-6.93,5.23,4.68,3.04,1.96,1.97,3.67
5986.56,-4.57,-8.17,-4.50,-8.11,5.57,5.02,3.18,1.00,1.06,3.60
6046.42,-5.82,-9.34,-5.69,-9.21,5.80,5.35,3.33,-0.02,0.12,3.52
6106.89,-6.91,-10.34,-6.74,-10.18,5.94,5.68,3.48,-0.97,-0.80,3.43
6167.96,-7.65,-10.99,-7.37,-10.72,5.99,5.94,3.64,-1.66,-1.38,3.34
6229.64,-8.07,-11.32,-7.51,-10.77,6.03,6.18,3.79,-2.04,-1.48,3.25
6291.93,-7.51,-10.67,-7.15,-10.33,6.08,6.29,3.96,-1.42,-1.07,3.16
6354.85,-6.89,-9.97,-6.43,-9.52,6.10,6.37,4.12,-0.79,-0.33,3.08
6418.40,-6.01,-9.01,-5.53,-8.55,6.07,6.31,4.29,0.06,0.53,3.00
6482.58,-5.17,-8.10,-4.72,-7.67,5.99,6.22,4.46,0.82,1.26,2.93
6547.41,-4.42,-7.27,-4.02,-6.89,5.87,6.07,4.63,1.46,1.86,2.85
6612.88,-3.82,-6.59,-3.48,-6.27,5.75,5.90,4.81,1.93,2.26,2.77
6679.01,-3.32,-6.01,-3.09,-5.80,5.60,5.74,4.99,2.28,2.51,2.69
6745.80,-2.87,-5.48,-2.83,-5.45,5.45,5.58,5.17,2.58,2.63,2.61
6813.26,-2.46,-4.98,-2.67,-5.20,5.32,5.45,5.35,2.86,2.65,2.52
6881.39,-2.12,-4.54,-2.62,-5.05,5.20,5.32,5.53,3.08,2.59,2.42
6950.21,-1.82,-4.15,-2.67,-5.00,5.13,5.22,5.71,3.31,2.47,2.33
7019.71,-1.59,-3.83,-2.80,-5.04,5.12,5.12,5.89,3.53,2.31,2.24
7089.91,-1.41,-3.56,-3.01,-5.14,5.17,5.04,6.06,3.76,2.16,2.15
7160.81,-1.27,-3.32,-3.26,-5.28,5.28,4.97,6.24,4.01,2.02,2.05
7232.41,-1.20,-3.14,-3.53,-5.44,5.42,4.91,6.40,4.23,1.89,1.94
7304.74,-1.15,-2.98,-3.81,-5.61,5.58,4.86,6.57,4.43,1.76,1.83
7377.79,-1.11,-2.83,-4.09,-5.77,5.71,4.81,6.72,4.61,1.63,1.72
7451.56,-1.08,-2.69,-4.35,-5.91,5.83,4.76,6.86,4.75,1.48,1.61
7526.08,-1.10,-2.60,-4.59,-6.04,5.92,4.72,6.98,4.82,1.33,1.50
7601.34,-1.15,-2.55,-4.82,-6.14,5.98,4.67,7.11,4.83,1.16,1.40
7677.35,-1.20,-2.50,-5.03,-6.23,6.01,4.63,7.20,4.81,0.98,1.30
7754.13,-1.25,-2.45,-5.23,-6.31,6.03,4.59,7.29,4.78,0.80,1.20
7831.67,-1.27,-2.37,-5.42,-6.38,6.03,4.55,7.34,4.76,0.61,1.10
7909.98,-1.32,-2.32,-5.60,-6.44,6.02,4.51,7.39,4.70,0.41,1.00
7989.08,-1.26,-2.16,-5.79,-6.50,6.01,4.47,7.39,4.75,0.22,0.90
8068.98,-1.18,-1.97,-5.98,-6.56,6.00,4.43,7.40,4.82,0.02,0.79
8149.67,-1.04,-1.72,-6.17,-6.63,6.00,4.39,7.36,4.96,-0.17,0.68
8231.16,-0.86,-1.42,-6.36,-6.69,6.00,4.35,7.32,5.14,-0.36,0.56
8313.47,-0.64,-1.09,-6.55,-6.76,6.00,4.30,7.23,5.36,-0.55,0.45
8396.61,-0.45,-0.79,-6.74,-6.82,6.00,4.26,7.15,5.55,-0.74,0.34
8480.57,-0.31,-0.54,-6.92,-6.88,6.00,4.21,7.03,5.69,-0.92,0.23
8565.38,-0.45,-0.55,-7.10,-6.92,6.00,4.16,6.91,5.55,-1.10,0.10
8651.03,-0.90,-0.87,-7.26,-6.96,6.00,4.11,6.75,5.10,-1.26,-0.03
8737.54,-1.59,-1.43,-7.41,-6.99,6.00,4.06,6.60,4.41,-1.41,-0.16
8824.92,-2.52,-2.23,-7.55,-7.01,6.00,4.01,6.42,3.48,-1.55,-0.29
8913.17,-3.63,-3.21,-7.69,-7.02,6.00,3.95,6.25,2.37,-1.69,-0.42
9002.30,-4.83,-4.29,-7.82,-7.02,6.00,3.89,6.06,1.17,-1.82,-0.54
9092.32,-5.99,-5.30,-7.94,-7.02,6.00,3.84,5.86,0.01,-1.94,-0.69
9183.25,-7.04,-6.20,-8.05,-7.02,6.00,3.77,5.66,-1.04,-2.05,-0.84
9275.08,-7.95,-6.96,-8.17,-7.01,6.00,3.71,5.46,-1.95,-2.17,-0.99
9367.83,-8.70,-7.57,-8.27,-7.00,6.00,3.65,5.26,-2.70,-2.27,-1.13
9461.51,-9.40,-8.12,-8.37,-6.99,6.00,3.58,5.06,-3.40,-2.37,-1.28
9556.12,-10.07,-8.63,-8.47,-6.97,6.00,3.52,4.86,-4.07,-2.47,-1.44
9651.68,-10.78,-9.16,-8.56,-6.95,6.00,3.45,4.65,-4.78,-2.56,-1.62
9748.20,-11.61,-9.82,-8.63,-6.92,6.00,3.38,4.46,-5.61,-2.63,-1.79
9845.68,-12.53,-10.56,-8.70,-6.88,6.00,3.31,4.26,-6.53,-2.70,-1.97
9944.14,-13.44,-11.30,-8.75,-6.83,6.00,3.23,4.07,-7.44,-2.75,-2.14
10043.58,-13.99,-11.68,-8.80,-6.78,6.00,3.16,3.88,-7.99,-2.80,-2.31
10144.02,-14.55,-12.07,-8.88,-6.69,6.00,3.08,3.69,-8.55,-2.88,-2.48
10245.46,-14.35,-11.70,-8.96,-6.60,6.01,3.01,3.51,-8.34,-2.95,-2.65
10347.91,-14.04,-11.22,-9.04,-6.50,6.02,2.93,3.33,-8.02,-3.02,-2.82
10451.39,-13.68,-10.69,-9.11,-6.40,6.02,2.85,3.16,-7.65,-3.09,-2.99
10555.91,-13.40,-10.24,-9.19,-6.30,6.01,2.77,2.99,-7.38,-3.17,-3.16
10661.46,-13.55,-10.21,-9.25,-6.18,5.99,2.69,2.82,-7.56,-3.27,-3.34
10768.08,-14.04,-10.50,-9.32,-6.07,5.95,2.61,2.66,-8.09,-3.38,-3.54
10875.76,-14.71,-10.98,-9.39,-5.94,5.88,2.53,2.50,-8.83,-3.50,-3.73
10984.52,-15.53,-11.60,-9.45,-5.82,5.80,2.45,2.35,-9.73,-3.65,-3.93
11094.36,-16.34,-12.21,-9.51,-5.68,5.69,2.36,2.19,-10.65,-3.81,-4.13
11205.31,-16.97,-12.65,-9.56,-5.55,5.57,2.28,2.05,-11.40,-4.00,-4.32
11317.36,-17.42,-12.88,-9.61,-5.40,5.42,2.20,1.90,-11.99,-4.19,-4.54
11430.53,-17.69,-12.93,-9.66,-5.26,5.27,2.12,1.76,-12.42,-4.39,-4.76
11544.84,-17.47,-12.50,-9.71,-5.10,5.11,2.03,1.62,-12.36,-4.60,-4.97
11660.29,-17.01,-11.82,-9.76,-4.94,4.94,1.95,1.48,-12.06,-4.81,-5.19
11776.89,-16.40,-10.99,-9.80,-4.78,4.78,1.87,1.34,-11.62,-5.02,-5.41
11894.66,-15.79,-10.19,-9.84,-4.61,4.61,1.79,1.21,-11.18,-5.23,-5.60
12013.60,-15.18,-9.38,-9.87,-4.44,4.44,1.70,1.08,-10.74,-5.44,-5.80
12133.74,-14.70,-8.71,-9.91,-4.26,4.26,1.62,0.94,-10.44,-5.65,-5.99
12255.08,-14.06,-7.88,-9.94,-4.08,4.08,1.54,0.81,-9.98,-5.86,-6.18
12377.63,-13.15,-6.78,-9.97,-3.89,3.89,1.46,0.68,-9.26,-6.08,-6.37
12501.41,-11.88,-5.32,-9.99,-3.69,3.69,1.38,0.55,-8.19,-6.30,-6.56
12626.42,-10.40,-3.65,-10.02,-3.49,3.49,1.30,0.41,-6.91,-6.52,-6.75
12752.68,-8.82,-1.88,-10.03,-3.29,3.29,1.22,0.28,-5.53,-6.75,-6.94
12880.21,-7.48,-0.35,-10.05,-3.08,3.08,1.15,0.14,-4.40,-6.97,-7.13
13009.01,-6.50,0.82,-10.07,-2.87,2.87,1.07,0.00,-3.63,-7.20,-7.32
13139.10,-5.91,1.60,-10.08,-2.65,2.65,0.99,-0.14,-3.26,-7.43,-7.51
13270.49,-5.66,2.03,-10.09,-2.42,2.42,0.91,-0.29,-3.24,-7.67,-7.69
13403.20,-5.87,1.97,-10.09,-2.19,2.19,0.84,-0.44,-3.68,-7.90,-7.84
13537.23,-6.20,1.80,-10.10,-1.96,1.96,0.76,-0.59,-4.24,-8.14,-8.00
13672.60,-6.59,1.57,-10.10,-1.71,1.71,0.69,-0.76,-4.87,-8.38,-8.16
13809.33,-6.97,1.35,-10.09,-1.47,1.47,0.61,-0.92,-5.50,-8.62,-8.32
13947.42,-7.26,1.22,-10.09,-1.22,1.22,0.54,-1.10,-6.04,-8.87,-8.48
14086.90,-7.44,1.19,-10.08,-0.96,0.96,0.47,-1.28,-6.48,-9.12,-8.63
14227.77,-7.38,1.38,-10.07,-0.70,0.70,0.39,-1.47,-6.68,-9.37,-8.76
14370.04,-7.28,1.62,-10.06,-0.44,0.44,0.32,-1.67,-6.84,-9.62,-8.90
14513.74,-7.33,1.71,-10.04,-0.16,0.16,0.24,-1.88,-7.16,-9.88,-9.04
14658.88,-7.67,1.50,-10.02,0.11,-0.11,0.17,-2.10,-7.78,-10.13,-9.17
14805.47,-8.10,1.21,-10.00,0.39,-0.39,0.09,-2.32,-8.49,-10.39,-9.31
14953.52,-8.61,0.84,-9.98,0.68,-0.68,0.01,-2.54,-9.29,-10.66,-9.45
15103.06,-9.07,0.55,-9.95,0.97,-0.97,-0.06,-2.77,-10.04,-10.92,-9.62
15254.09,-9.45,0.35,-9.92,1.27,-1.27,-0.14,-2.98,-10.72,-11.19,-9.80
15406.63,-9.57,0.41,-9.89,1.57,-1.57,-0.22,-3.18,-11.14,-11.46,-9.98
15560.70,-9.25,0.92,-9.85,1.88,-1.88,-0.31,-3.37,-11.13,-11.73,-10.17
15716.30,-8.77,1.58,-9.81,2.19,-2.19,-0.39,-3.50,-10.96,-12.00,-10.35
15873.47,-8.13,2.40,-9.77,2.51,-2.51,-0.48,-3.61,-10.64,-12.28,-10.53
16032.20,-7.37,3.37,-9.73,2.83,-2.83,-0.57,-3.64,-10.20,-12.56,-10.74
16192.52,-6.62,4.41,-9.68,3.16,-3.16,-0.66,-3.64,-9.78,-12.84,-11.03
16354.45,-6.01,5.31,-9.63,3.49,-3.49,-0.76,-3.55,-9.50,-13.12,-11.32
16517.99,-5.55,6.06,-9.58,3.83,-3.83,-0.86,-3.42,-9.38,-13.41,-11.61
16683.17,-5.38,6.52,-9.52,4.17,-4.17,-0.96,-3.23,-9.55,-13.70,-11.90
16850.01,-5.73,6.46,-9.47,4.52,-4.52,-1.07,-3.01,-10.25,-13.99,-12.19
17018.51,-6.17,6.33,-9.41,4.87,-4.87,-1.19,-2.76,-11.04,-14.28,-12.50
17188.69,-6.76,6.22,-9.34,5.23,-5.23,-1.31,-2.50,-11.99,-14.57,-12.98
17360.58,-7.37,6.08,-9.28,5.60,-5.60,-1.43,-2.24,-12.97,-14.87,-13.45
17534.18,-7.95,5.98,-9.21,5.96,-5.96,-1.56,-1.99,-13.91,-15.17,-13.93
17709.53,-8.45,5.95,-9.14,6.34,-6.34,-1.71,-1.76,-14.79,-15.48,-14.40
17886.62,-8.90,5.98,-9.06,6.72,-6.72,-1.85,-1.53,-15.62,-15.78,-14.88
18065.49,-9.24,6.21,-8.99,7.10,-7.10,-2.01,-1.33,-16.34,-16.09,-15.45
18246.14,-9.49,6.70,-8.91,7.49,-7.49,-2.17,-1.15,-16.98,-16.40,-16.19
18428.60,-9.67,7.26,-8.82,7.89,-7.89,-2.35,-0.99,-17.56,-16.71,-16.93
18612.89,-9.61,8.07,-8.74,8.29,-8.29,-2.53,-0.84,-17.89,-17.02,-17.68
18799.02,-9.53,8.89,-8.65,8.69,-8.69,-2.72,-0.72,-18.22,-17.34,-18.42
18987.01,-9.62,9.54,-8.56,9.10,-9.10,-2.92,-0.60,-18.72,-17.66,-19.16
19176.88,-10.00,10.20,-8.46,9.52,-9.52,-3.14,-0.51,-19.51,-17.98,-20.20
19368.65,-10.59,10.68,-8.37,9.94,-9.94,-3.36,-0.42,-20.52,-18.30,-21.27
19562.33,-11.45,10.88,-8.27,10.36,-10.36,-3.59,-0.35,-21.81,-18.63,-22.33
19757.96,-12.38,11.02,-8.17,10.79,-10.79,-3.82,-0.27,-23.17,-18.96,-23.40
19955.54,-12.92,11.54,-8.06,11.23,-11.23,-4.05,-0.20,-24.15,-19.29,-24.46
