frequency;raw
47,24140486595773;-19,86307856
47,63947698052835;-19,45044685
47,99433967140944;-19,03515727
48,351818318630045;-18,62152886
48,71193200027044;-18,2095616
49,07453314915312;-17,80922245
49,43986142704921;-17,40722215
49,80782470114766;-17,01020532
50,20324882500312;-16,59192566
50,567495160459536;-16,2062047
50,99592189013372;-15,8052615
51,390714596660175;-15,40054293
51,80195333225486;-15,03558646
52,18684353497564;-14,67528122
52,67680703707334;-14,31198591
53,063778911230024;-13,95865754
53,457623628381846;-13,6214424
53,85436099620954;-13,28588843
54,254227148135705;-12,94036751
54,657000369500565;-12,5981689
55,047857386665605;-12,25929261
55,382287158875116;-11,89193932
55,92960311201631;-11,51737778
56,48263643;-11,12679794
57,04110179772586;-10,7380869
57,66689696715502;-10,36723331
58,32787452496266;-10,00993327
59,10599122133739;-9,638483171
59,76257828535202;-9,263601274
60,352935270360305;-8,901053477
60,94920169851961;-8,534768074
61,55143748045646;-8,164745065
62,226605178288494;-7,799082596
62,85827492323021;-7,43528893
63,62478802136251;-7,075980392
64,47347798013281;-6,708607685
65,28211775;-6,383775733
66,50243642428933;-6,034932492
67,69610661764764;-5,693066115
68,82200160441957;-5,345296238
69,96968221688519;-5,015236864
71,05704372896983;-4,678277294
72,25903642774301;-4,325600611
73,76395536245352;-3,968451578
75,58383486184248;-3,656002805
77,63638467106658;-3,358353442
79,74404512858547;-3,083809281
81,90584933459313;-2,919354611
84,12469902838173;-2,80926512
86,40225641946228;-2,746745163
88,73921354153886;-2,758977328
91,13718296921921;-2,841884228
93,59817342716626;-2,980515438
96,12397008728361;-3,16943444
98,71637123763043;-3,404563846
101,37803000785361;-3,658721064
104,11222624713434;-3,89113221
106,92303858725147;-4,044713845
109,81202706289552;-4,137134652
112,78257595619888;-4,138493781
115,83766906722423;-4,033840809
118,9787727726047;-3,848999196
122,20624132100143;-3,635615863
125,52422632950274;-3,352916924
128,93157992803043;-3,08652754
132,4298917585444;-2,854116394
136,02236713000948;-2,638014802
139,70731140655025;-2,526566182
143,4919504881972;-2,417835821
147,37829496271243;-2,325415014
151,36582872951132;-2,311823719
155,4591616666344;-2,33764718
159,65993345549612;-2,423272339
163,97490119597492;-2,496665333
168,4045340665582;-2,604036564
172,9519057650594;-2,744026904
177,6205869297533;-2,908481574
179,53006400860073; 21,33431150237874
182,4160557917635;-3,06070408
184,38665604939985; 21,33431150237874
187,34168913597554;-3,202053549
189,37462712346004; 21,33431150237874
192,39996871364758;-3,348839536
194,49753125595694; 21,33431150237874
197,58960369077076; 21,33431150237874
197,59546431094745;-3,486111616
202,9322916084883;-3,608433272
208,41441954864263;-3,714445374
214,04573596706015;-3,805507051
219,83022821975376;-3,882977433
225,77209015638388;-3,94685652
231,87552373074814;-3,998503442
238,1455002;-4,03112255
244,58615210394993;-4,050150363
251,20378559368913;-4,036559068
258,00046876644547;-4,022967773
264,98178288854297;-4,001221701
272,1546552;-3,950933909
279,52195124770276;-3,897927858
287,088948;-3,842203548
294,8616123538535;-3,778324461
302,8466792;-3,695417561
311,0502939925689;-3,590764589
319,4749466108511;-3,496984652
328,12853736681154;-3,396409069
337,0182452598584;-3,28088306
346,14815278625707;-3,17079357
355,52638035163113;-3,052549303
365,16106241591524;-2,915277222
375,0589279188895;-2,761695587
385,2224018886204;-2,628500895
395,6598222033704;-2,506179239
406,38267619110445;-2,36482977
417,3951651473062;-2,230275949
428,70309932450846;-2,11610907
440,31860874438854;-1,993787414
452,2479965853079;-1,876902276
464,5005828816926;-1,760017138
477,0849028287022;-1,64449113
490,01038616250963;-1,527605992
503,28605479545774;-1,410720854
516,9199587984048;-1,301990493
530,9232021394697;-1,193260132
545,3073064364137;-1,076374994
560,0774800258565;-0,97851767
575,2423861664884;-0,907842935
590,8176302203267;-0,83852733
606,8131829656036;-0,776007373
623,2420815409813;-0,712128286
640,1122173081241;-0,664558753
657,4362576977475;-0,629221386
675,2279053790827;-0,599320536
693,4978195934481;-0,583010982
712,2640508025213;-0,558546651
731,5333547886715;-0,553110133
751,3225699714594;-0,553110133
771,6471169131978;-0,553110133
792,5214772438813;-0,553110133
813,9563749204042;-0,568060558
835,9710106;-0,583010982
858,5854411325342;-0,583010982
881,8095869250924;-0,58980663
905,6598312964485;-0,603397925
930,1564448302021;-0,612911831
955,3187507181113;-0,612911831
981,1617395611468;-0,612911831
1007,7038249851289;-0,612911831
1034,965837310147;-0,607475313
1062,9693260756778;-0,591165759
1091,732540355751;-0,569419687
1121,2777048121118;-0,538159708
1151,6272427871033;-0,494667564
1182,8015383252116;-0,443020643
1214,823093147399;-0,383218944
1247,7242771684842;-0,293516396
1281,5272178243472;-0,179349518
1316,242886765407;-0,071978286
1351,907750062245;0,054420758
1388,535126015064; 0,17266502560620722
1426,1674090874326; 0,31673275370754794
1464,8569453444218; 0,5355526048803405
1504,603734205743; 0,7693228806674242
1545,457643865053; 1,0574583368701056
1587,4024518304643; 1,3116155553130397
1630,4682919678487; 1,5345127950170045
1674,685423185233; 1,7275091854923836
1720,1431442838848; 1,991180310508046
1766,8478725775853; 2,2765975076899494
1814,845102301207; 2,601429460673163
1861,8893679673633; 2,931833844648974
1907,8252861119786; 3,2442977190876405
1952,524004136327; 3,5565954776972575
1998,286500374358; 3,893146147347835
2045,107427598855; 4,209430685854596
2090,4787362173606; 4,513422653011826
2136,8650932523647; 4,829042728202399
2189,592326133814; 5,151156422164831
2249,054840593768; 5,451524043961026
2310,105406914464; 5,717913427997466
2372,75271; 5,909550688962458
2437,0368140400687; 6,026435826855998
2502,9836635112174; 6,050900158043021
2570,618553;5,965274999
2639,969714065509; 5,755969054288389
2701,2536651093124; 5,451354152772225
2752,5363351195724; 5,098150371259621
2787,189934738985; 4,784191454359526
2827,7542898473735; 4,460265587716574
2881,4898345657566; 4,104522150740642
2924,7793900208612; 3,768808449305652
2963,746386768311; 3,443138366457699
2996,365118507715; 3,124694322173319
3031,762717690821; 2,775851081173215
3057,6733139572225; 2,4305674650812783
3087,1293941659987; 2,0819022053265783
3116,8564712237594; 1,7212232115068282
3150,274374944457; 1,3688500091394644
3194,3093535067624; 1,1198423813970102
3279,001535541565; 1,0058114154752857
3370,5891447036274; 1,1450089294977275
3435,661651836001; 1,4789017458835438
3480,908683; 1,8957694188786682
3523,376907414965; 2,2725201191587807
3559,131033764881; 2,626346835030315
3602,5193144735335; 2,975190076030419
3646,9516847945583; 3,342970521541954
3696,424517509597; 3,718973700591352
3754,612504493791; 4,089571726126351
3806,5381327923897; 4,409071709491883
3872,217139353745; 4,764257554873808
3967,6367649989083;4,992138269
4075,128579485995; 5,107664277832352
4185,435592508135;5,155233811
4298,662692418456; 5,1579520697167816
4414,987667995999; 5,1837755304141915
4534,494106305156; 5,231345063277843
4657,213803479994; 5,2653233010375935
4783,146116953108; 5,232704192788233
4912,253738874911; 5,062813003989483
5044,624155831706; 4,763804511703679
5174,289463551738; 4,4702325374594345
5300,785724201093; 4,139828153483624
5417,198054563618; 3,8012010359699495
5532,204327215919; 3,395937740175441
5634,8866937349885; 3,018891317210649
5767,779571; 2,679919189898186
5854,037847163291; 2,3298300801802228
5930,936864007731; 2,0020533465911683
6008,619450797143; 1,6715130496643127
6073,849629428267; 1,313824140767423
6132,301738466352; 0,9363259192565963
6166,371596; 0,5797998211630393
6210,689485063444; 0,23261773845341338
6248,354141027488;-0,123285425
6295,107118288134;-0,499953068
6340,260450506514;-0,888664108
6394,467940136815;-1,224218082
6462,997107715418;-1,590295841
6521,604950682448;-1,999979004
6561,388358799262;-2,350483403
6608,556474541839;-2,692682011
6656,029738184061;-3,049831044
6703,836436571314;-3,410302393
6751,982680380149;-3,7724349
6792,947798392241;-4,120655207
6843,800381393372;-4,486732965
6892,834702004442;-4,898700221
6948,945000531941;-5,317810458
6997,645345801966;-5,711006625
7047,921654707766;-6,064833341
7098,6034151931135;-6,400387315
7178,556796982487;-6,763142757
7256,458339572356;-7,132792006
7371,126521;-7,408559383
7574,973708747652;-7,329102581
7682,694213864776;-6,974317505
7758,571893934446;-6,617376117
7835,169018618363;-6,271647548
7912,552607179471;-5,91470616
7999,335352100743;-5,553196587
8079,411696015569;-5,202692188
8160,234167911847;-4,872121688
8259,736485966054;-4,514972656
8364,304726148202;-4,172472019
8516,209533314512;-3,791915756
8746,790091;-3,723959281
8960,860677398816;-3,97675737
9117,858540510233;-4,379350947
9245,603337901917;-4,749694322
9346,051962210639;-5,083088791
9436,144659;-5,413866936
9515,593581781519;-5,732364374
9607,335468;-6,058603997
9711,607679212728;-6,424141879
9840,840443835299;-6,796158278
10027,471539769895;-7,048239049
10278,869264776542;-7,174789108
10556,528895515354;-7,286237727
10841,593387812907;-7,423509808
11134,180211233088;-7,606992292
11434,509525310008;-7,829889532
11743,298999608038;-7,963084224
12061,20987277341;-7,906000784
12373,46331429311;-7,669512249
12632,770876874365;-7,334195583
12881,79563956006;-7,016677041
13199,364923397672;-6,758895477
13556,44264634947;-6,756177218
13922,696332898178;-6,855393673
14217,01569;-7,181131712
14348,374580821739;-7,488238351
14469,185336554518;-7,806201846
14626,314068589527;-8,153906007
14803,102940616092;-8,500755858
14963,73254304066;-8,873021431
15077,592353399337;-9,285517237
15191,331686583284;-9,672869148
15283,259154694651;-10,0671866
15360,005126430944;-10,49962763
15432,719741972733;-10,88171777
15506,161402881951;-11,19140513
15596,636749969988;-11,52506064
15751,096456357605;-11,88054852
15919,942939365541;-12,23873577
16073,385177791803;-12,57325152
16245,710643258777;-12,92707824
16404,49711356607;-13,26283986
16562,70465042215;-13,58053638
16691,776747833745;-13,94308418
16794,805269420696;-14,28092225
16896,562665082678;-14,65322935
17022,825172820216;-15,05834433
17144,63458209565;-15,49689011
17267,384081829467;-15,92380779
17391,032125880374;-16,34740316
17515,605272265446;-16,76435389
17641,09072931062;-17,1779823
17762,260307828357;-17,56295574
17903,057393949395;-17,94045396
18111,109114190687;-18,34411542
18305,208780674657;-18,70957025
18506,659620799303;-19,03033991
18710,26598122135;-19,3607443
18931,267787742636;-19,71457101
19065,99896908753;-19,94979103